:020000040800F2
:100000000000082469300108BD300108BD30010836
:10001000BD300108BD300108BD30010800000000FE
:10002000000000000000000000000000BD300108DA
:10003000BD30010800000000BD300108AB0501081B
:10004000BD300108BD300108BD300108BD300108D8
:10005000BD300108BD300108DD060108E3060108D6
:10006000E9060108EF060108F506010859510008E4
:1000700065510008BD300108715100087D5100082C
:10008000BD300108BD300108BD300108BD30010898
:10009000BD300108BD300108BD300108FB06010874
:1000A000BD300108D9F20008BD300108EDF20008AA
:1000B000F1F2000805F3000819F3000829620008AE
:1000C00035620008416200084D620008BD30010839
:1000D000BD30010889110108A1110108BD110108F5
:1000E00023070108BD30010800000000A1F300084B
:1000F00069F30008B5F300088DF30008BD3001086E
:10010000BD300108BD3001082DF30008BD300108E5
:10011000D9110108F111010841F3000855F3000855
:10012000BD300108BD300108BD300108BD300108F7
:10013000BD300108BD300108BD300108BD300108E7
:1001400000000000000000000000000000000000AF
:10015000BD300108BD300108BD3001080912010899
:100160005962000865620008BD300108BD30010811
:10017000BD300108BD300108BD300108BD300108A7
:10018000BD300108BD3001083912010851120108C3
:10019000BD300108BD300108BD300108BD30010887
:1001A000BD300108BD300108BD300108BD30010877
:1001B000994C0008BD300108BD300108716200088B
:1001C0008D620008BD300108BD300108BD30010856
:1001D000911E0108851E0108BD300108BD300108CF
:1001E000BD300108BD300108BD300108BD30010837
:1001F000BD300108BD300108BD300108BD30010827
:10020000BD300108BD300108BD300108BD30010816
:10021000C9F30008DDF30008F1F30008BD30010860
:10022000BD300108BD300108BD30010800000000EC
:10023000BD300108BD30010800000000BD300108DC
:10024000BD300108BD300108BD300108BD300108D6
:10025000BD300108BD300108BD300108BD300108C6
:10026000BD300108BD300108BD300108BD300108B6
:10027000BD300108BD300108211201080000000056
:10028000BD300108BD300108BD300108000000008C
:0802900000000000BD30010870
:1002A000034613F8012B002AFBD1181A01387047B6
:1002B00001F0FF01102A2BDB10F0070F08D010F817
:1002C000013B013A8B422DD010F0070F42B3F6D11B
:1002D000F0B441EA012141EA014122F007047FF034
:1002E00000070023F0E80256083C85EA010586EA8B
:1002F000010685FA47F5A3FA87F586FA47F6A5FAC7
:1003000087F68EB9EED1F0BC01F0FF0102F00702D2
:1003100032B110F8013B013A83EA010313B1F8D17D
:100320000020704701387047002D06BF354603385E
:10033000073815F0010F07D1013015F4807F02BF97
:10034000013015F4C03F0130F0BC0138704700BFE8
:1003500010B5054C237833B9044B13B10448AFF3FF
:1003600000800123237010BD44030024000000001E
:10037000F45E010808B5034B1BB103490348AFF312
:10038000008008BD0000000048030024F45E01085E
:10039000002070477047F8B505460C468F180026B8
:1003A000BC4201D13046F8BD2B68284614F8011B29
:1003B0001B6898470644F3E738B500F10805D0F804
:1003C000B4300446284698474FF6FD7203469042E3
:1003D00013D8B4F8BA202846B4F8B81006F0BAFA20
:1003E00094F89030032B08D8DFE803F002090F15CA
:1003F000B4F8B8301844A4F8B800012038BDB4F8F7
:10040000BA301844A4F8BA00F7E7B4F8B8301B1AA9
:10041000A4F8B830F1E7B4F8BA301B1AA4F8BA302F
:10042000EBE70000DFED087AF2EE080A30EE670A2B
:1004300008B5C0EE200AB0EE000A13F09BFEDFED17
:10044000037A20EE270A08BD00008A420000DC4340
:10045000B7EE007A4FF07C5310B5C7EE007A80ED0E
:10046000030A436000239FED090A0446436180EDBF
:10047000020AC0ED047A02F0B5FD002384ED060AFD
:10048000237040F20113A38410BD00BF0000C842D6
:1004900010B5044680ED020A02F0A4FD84ED060AC0
:1004A00010BD00002DE9F04FDFF8D8830024DFF8FD
:1004B000D8A30D46D34E2DED0A8B83B0019205F0E3
:1004C0008DF8C8F80800019B9C421FD105F086F802
:1004D000D8F8082098ED017A831A98F8002007EEE2
:1004E000903AF8EE677A67EE877A002A00F0658224
:1004F0000022C8ED057AC8ED037AC8ED047A88F8C1
:10050000002003B0BDEC0A8BBDE8F08F9AF8002004
:10051000DFEDBD9A4AB10021BC4802F0FBF9BC4AAC
:10052000C2ED059A00228AF80020BA4AB74811782D
:1005300002F0C6FAB648B0EE409A02F05FFCB64A46
:10054000F2EE087AB54F92ED008AB54AB8EEC88A45
:1005500086ED000A92ED007A3A68A7EE278A9FEDB1
:10056000B17A88FE298A88FE478A32B9AE4A92ED6E
:10057000007A20EE070AA0EE278ADFF810B3B0EE6B
:10058000480AFFF74FFF9FEDA97ADBED007AB0EE46
:1005900040AA67EE877A9FEDA67AC7EE878A38EE83
:1005A000880AFFF73FFFF0EE40AA38EE680AF6EE41
:1005B000008AFFF737FF9F48B0EE408AB0EE4A0A44
:1005C000FFF766FF2AEE280A9B48FFF761FFB0EEAF
:1005D0006A0A9A48F7EE00AAFFF75AFFB0EE480AF7
:1005E0009748FFF755FF974AD2ED007A39680329FB
:1005F00009D1D2ED007A96ED007AE7EE287AC7FEAF
:10060000A97AC7FEEA7AB5EE007AF4EEC77AF1EE7F
:1006100010FA65D4F4EEE87AF1EE10FA62D4B6EE90
:10062000087AF4EEC77AF1EE10FA4CBF02200420EB
:10063000834AF0EE00CA8149B3EE04BADFF8F491C0
:100640001070087089F800007B4802F0D7FB7E48E4
:10065000B0EE40CADFED7DBAD0ED007A484667EED5
:10066000807A67EE8A7AA7EEACAA8AFE0BAA8AFE87
:100670006B0AFFF70DFF484602F0C0FB6F49B0EE72
:10068000408A084602F0BAFB6D4AB0EE40AA104616
:1006900002F0B4FB6E4AF0EE6A6A6E4992ED007A9F
:1006A000DBED007A6C4AAAEE278AE7EEAC6A92ED9F
:1006B000006A0968A0EE278AF0EE6A7AA7EE0C8A33
:1006C00088EE267AF3EE0E6AE6EE267A27EE278A81
:1006D000032929D8DFE811F008008500E600F800BA
:1006E0000020A5E70120A3E7F8EE087AB4EEE78A38
:1006F000F1EE10FA00F11F81F0EE087AB4EEE78A0D
:10070000F1EE10FA00F31A81F3EE0B7AF2EE026AC0
:10071000B0EE677A68EE266AA8EE087AE8EE267AE6
:1007200028EE077A87EE278A4C4ADFED4D6AD2ED34
:10073000007A4C4A27EEA77ADFF854B1F0EE4B7AF4
:10074000E7EE267A92ED007AC7FE8B7AC7FEEB7A47
:1007500077EEC77ADFED446AA7EEA67ADFED436A4B
:1007600082ED007A424AD2ED007A3A6867EE897AE1
:10077000012ADBF8002067EEA67A05BF9FED3D6AEF
:10078000D6ED006ADFED206A66EE866A77EE877A3C
:1007900077EEA67AC7FE8B7A87FEEB0A002A00F076
:1007A000D080013A032A00F2DE80DFF8E890484664
:1007B00002F09EFC304ADFED317A484692ED000AA5
:1007C00020EE270A02F0FCFCB0EE480A484602F090
:1007D00031FCDBF80020032A40F0E08099ED0E8A1E
:1007E000C1E0B0EE6A7ADFED267AD2ED006AA6EEBD
:1007F000E77AF1EE477AC8FE277AC7FEC77A87EE16
:10080000878A91E7B004002400000000200500243E
:10081000F804002471040024380400243004002467
:100820007C0400240000FE425404002400004842DE
:100830000000C8420C06002494050024E4050024AE
:10084000BC0500246C0400245004002400A08C4645
:1008500068040024280400245804002460040024B0
:1008600000788C46300000240AD7233C00007A45EB
:10087000640400240000FA445C0400246666663FB9
:100880009A99593F64060024700400244C04002403
:100890002C040024B4040024020000001000000016
:1008A0003CEEC88AB4EEEA8AF1EE10FAF8DCFFEE0C
:1008B000007AB8EE007AB4EEE78AF1EE10FA7FF52E
:1008C00033AF37EE488AF6E7F3EE000AD2ED006A5E
:1008D000F2EE0C7AB0EE607AA6EEE77ABDEEC77A59
:1008E00017EE103A012B20DDB0EE607AD2ED006AEF
:1008F000A6EEE77ABDEEC77A17EE103A102B17DC9A
:1009000092ED007AE7EE670AFDEEE00AF8EEE00A03
:10091000B0EE000A13F02EFCB0EE40AA28EE000A5A
:1009200013F0FEFE80EE0A8AFEE65FED250AEDE793
:100930005FED260AEAE7BFEE008AF5E6B7EE008A29
:10094000F2E62E4A9FED2E7AD2ED007A2D4867EE20
:10095000877A80ED020AB0EE480AC0ED017A02F013
:1009600039F9B0EE408A3A68022A23D1D6ED007AEE
:10097000E7EEA88AC8FEA98AC8FEEA8A28EE098A94
:100980002A6802EB840228EE288A82ED008A6A68CF
:1009900002EB8402013482ED008A94E5042A06D039
:1009A000022A14BF99ED0C8A99ED0D8ADBE799EDC7
:1009B000108AD8E7F7EE008AE0E798ED047AD8EDE0
:1009C000066AF4EEC77A98ED037A98ED056AF1EEBF
:1009D00010FAF4EEC77AB7EE007AC8BFC8ED047A11
:1009E000F1EE10FA37EE667A48BFC8ED037A27EECB
:1009F000067AA7EEA67A88ED057A82E55C040024E3
:100A00006666663F500500240A4B1A78012A0DD00D
:100A1000022A0DD00AB901221A700023064A136077
:100A2000064A13600122064B1A7070470222F3E750
:100A30000022F1E79D040024A8040024A40400245B
:100A400000010024034B1B78022B0CBF07200D2054
:100A5000704700BF9D040024DFED097A642120EE79
:100A6000270AFDEEC07A17EE903A93FBF1F201FBF4
:100A700012330449002BB8BF5B4212F0C7BE00BF5F
:100A80000000C8424C630108DFED097A642120EEC2
:100A9000270AFDEEC07A17EE903A93FBF1F201FBC4
:100AA00012330449002BB8BF5B4212F0AFBE00BF47
:100AB0000000C84254630108F7B517461E4684B2C9
:100AC0000D4659B114230021144822460093802377
:100AD00005F06FFC0021114806F068F804F10802E7
:100AE0003B4602210D4892B205F098FF31460B4873
:100AF00005F0E0FF04F11202C0F17E01334692B22C
:100B0000064889B205F08AFF35B10121034803B0D8
:100B1000BDE8F04006F04AB803B0F0BDD00B0024A9
:100B20002DE9F043002589B0DFF8DC915C4FDFF858
:100B3000DC81D9F800402C440C2C5CDC14266E437C
:100B40000C2C4AD8DFE804F007252C2E6F71808228
:100B500084869EA0A200534B0DF1200C0FCB0CE914
:100B60000F00514BD3ED007AB0EE677ABEEECF7A2C
:100B700017EE103A5A4203F0030302F0030258BF83
:100B800053420CEB830353F8101C684612F0BEFE70
:100B900023E0464B93ED000A6846FFF75DFF1CE03B
:100BA000434BF7E7434BF3EE046A9FED436AD3ED03
:100BB000007A424927EEA77AF0EE667AE7EE067AE7
:100BC0009FED3F7AC7FEA67AC7FEC77AFDEEE77AA9
:100BD00017EE902A684612F019FED8F80010013579
:100BE0006B4657F82420081B414241413046FFF72D
:100BF00063FF032D9DD1334B04A89FED337AD3EDD2
:100C0000057A324967EE877AFDEEE77A17EE902A89
:100C100012F0FCFD04AB3C2200212D4805F0FEFE45
:100C200009B0BDE8F0832B4BB4E72B4BB3EE0E7A43
:100C3000F7EE007A2949D3ED006AE6EE877AFDEEF9
:100C4000E77A17EE902AC5E7254BA3E7254BA1E7E6
:100C5000254B9FE7254B64219FED1B7A6846D3ED1A
:100C6000007A67EE877AFDEEE77A17EE903A93FB0B
:100C7000F1F201FB12331E49002BB8BF5B4212F0A8
:100C8000C5FDAAE71B4B85E71B4B83E71B4B1C4AA3
:100C900019781C4B002918BF1A46114675E700BF8A
:100CA000640000240C5F01086C0400246804002424
:100CB000640400246004002400788C466663010804
:100CC00000A08C46640600240000C8427863010836
:100CD000D00B00245C040024580400246B6301083A
:100CE00054040024500400244C0400247C040024F8
:100CF0006F63010878040024740400247104002444
:100D0000626301085D630108A4040024A8040024B0
:100D10002DE9F043304F85B03C7804B3053C012CFD
:100D20001CD92E4B0C2200212D4805F077FE3B7874
:100D3000013B032B4BD8DFE803F0020B0D0F294BCF
:100D40001A220021264805B0BDE8F04305F066BE32
:100D5000254BF5E7254BF3E7254BF1E70024DFF8BA
:100D6000AC90DFF8AC80D9F800502544062D2EDC7D
:100D70001426032D04FB06F62CDC0FD0002D18DB07
:100D80003B78052B26D11B4B1B491A681B4BAA42EB
:100D900018BF1946684612F0B9FD0AE0184B6422E4
:100DA000184968461B685343FF2293FBF2F212F086
:100DB0002DFD154B013458F8252019686B46481B4A
:100DC000414241413046FFF777FE032CCBD105B0BD
:100DD000BDE8F0830949DDE79C0400249163010824
:100DE000D00B0024A0630108B4630108C3630108A9
:100DF000D763010844000024816301088763010868
:100E0000340000247C630108A8040024A404002406
:100E1000480000241C4BF1EE006A1C4A93ED256A41
:100E2000D3ED267A77EEC67A86EEA77AF7EE007AC9
:100E3000F0EE675AE6EE475A82ED007A144A93EDD7
:100E4000287AC2ED005AD3ED275A124A37EE657A56
:100E500086EE876AB0EE677AA5EEC67A82ED006A02
:100E60000D4AD3ED295A82ED007A93ED2A7A0B4B85
:100E700037EE657A86EE876AE5EEC67A83ED006A1C
:100E8000074BC3ED007A7047600300244000002444
:100E9000880400243C00002484040024380000243A
:100EA0008004002410B5044613F03AFCFDEEC07A2D
:100EB0000C21204617EE902A92FBF1F301FB13223E
:100EC0000449013B51F822200349BDE8104012F0CB
:100ED0009DBC00BF00000024E66301082DE9F0433B
:100EE000424C91B0DFF8509104AD414FDFF84C8196
:100EF00094E80F00103485E80F0094E80F0008AD67
:100F000010AC85E80F00002504E90F00D9F8004077
:100F10002C440C2C22DC14266E430C2C10D8DFE859
:100F200004F00720272930323D43474B525A6200D4
:100F3000304B684693ED000AB8EEC00AFFF7B2FFE7
:100F4000D8F8001001356B4657F82420081B4142A1
:100F500041413046FFF7B0FD032DD7D111B0BDE8B8
:100F6000F083254B93ED000A6846FFF78DFDE7E718
:100F7000224BF7E7224B684693ED000AFFF76CFD22
:100F8000DEE7204BEEE7204B10AA1B6802EB830341
:100F900053F8301C684612F0B9FCD1E71B4B1A68B5
:100FA0001B4B53F82210F5E71A4B1A681A4BF8E757
:100FB0001A4B1A681A4BF4E71A4B68461A491A6812
:100FC00012F024FCBCE7194B10AA1B6802EB830348
:100FD00053F8201CDEE7164B1B6810AA02EB8303B4
:100FE00053F8101CD6E7134BF6E700BF1C5F01084F
:100FF00098000024380400244804002444040024F9
:10100000400400243C040024340400243004002460
:10101000F00000242C040024DC0000242804002418
:10102000CC00002424040024E863010820040024E8
:101030001C04002418040024A4040024A804002490
:1010400070B5154E154D347812F03EF92B68C01A64
:10105000312817D9012C124C01D0237893B11148B3
:1010600005F0F1F910490F4805F014FD337853B934
:10107000FFF734FF0B4805F0F0F912F025F90023D3
:101080002860237070BD012B02D1FFF749FDF1E705
:10109000FFF73EFEEEE700BF9D040024A0040024FD
:1010A00000010024D00B0024D26C0108064B002163
:1010B000064A186001231370054A11600021054A91
:1010C0001160054A13707047440000249C040024FA
:1010D00098040024940400240001002430B597B043
:1010E000D0F8B030044600F15C01542201A800930E
:1010F00012F014FCD4E9000103F014FD054604F0DD
:10110000B1FA18B15821284602F0DEFF226EAB6812
:101110009A427FD194ED197AD5ED037AB4EE677ACD
:10112000F1EE10FA76D194ED1A7AD5ED047AB4EE98
:10113000677AF1EE10FA6DD194ED1B7AD5ED057A50
:10114000B4EE677AF1EE10FA64D194ED1C7AD5ED25
:10115000067AB4EE677AF1EE10FA5BD1626FEB6952
:101160009A4257D1E26F6B6A9A4253D1D4F88020E9
:10117000AB6A9A424ED1D4F88420EB6A9A4249D1A4
:10118000D4F888202B6B9A4244D1D4F88C206B6B16
:101190009A423FD1D4F89020AB6B9A423AD194ED69
:1011A000257AD5ED0F7AB4EE677AF1EE10FA31D1E7
:1011B00094ED267AD5ED107AB4EE677AF1EE10FA56
:1011C00028D194ED277AD5ED117AB4EE677AF1EE55
:1011D00010FA1FD194ED287AD5ED127AB4EE677A21
:1011E000F1EE10FA16D194ED297AD5ED137AB4EE1A
:1011F000677AF1EE10FA0DD194ED2A7AD5ED147AD2
:10120000B4EE677AF1EE10FA04D1D4F8AC206B6D2D
:101210009A420BD06168206801F1580203F07FFC0C
:101220006B465822D4E9000103F076FC17B030BDBC
:10123000F0B5334B85B001253248009303F17D436F
:101240006946314CA3F580732427FF26ADF80C5076
:10125000019303F5813303F58073029303F054FC8B
:1012600000230021294A4FF086404FF0020C2361F1
:101270006361A361E3616264E26462656366A366BD
:10128000E36623672064A06420652766C4E902C77B
:10129000C4E90811C4E90A11C4E90C11C4E90E112A
:1012A000C4E9166CC4E91D11C4E91F11C4E9211178
:1012B000C4F89400C4F89C00C4F8A4002068C4F8E2
:1012C0009820C4F8A020C4F8A820C4F8AC606160DD
:1012D000C4E9231103F026FC03685A1EAA4206D96A
:1012E0002046C4F8B050FFF7F9FE05B0F0BD011D6F
:1012F000542204F15C00C4F8B03012F00FFBF4E7A4
:10130000050805091404002460030024000020449B
:1013100010B5264CE36D022B0FD02549254811F05E
:101320009FFD54222449881812F0F8FA0123204620
:10133000C4F8B030FFF7D2FEECE7226E1F4BD4F8B2
:10134000AC101A60626E1E4B1E481A60A26E1E4BD5
:101350001A60E26E1D4B1A60226F1D4B1A60626F9D
:101360001C4B1A60A26F1C4B1A60E26F1B4B1A6079
:10137000D4F880201A4B1A60D4F88420194B1A60D4
:10138000D4F88820184B1A60D4F88C20174B1A60B8
:10139000D4F89020164B1A60164B1960C9B205F0AC
:1013A000C3FFBDE81040FFF735BD00BF6003002458
:1013B000EB630108B41900246803002438040024F6
:1013C00048040024D00B00244404002440040024DA
:1013D0003C04002434040024300400242C040024A1
:1013E0002804002424040024200400241C040024D5
:1013F00018040024340000242DE9F0414FF4165164
:101400007B487C4C022501270026DFF858822DED11
:10141000048BADF5AB6D9FED789A0FF0D3FF0021F3
:10142000764804F0F9FB764805F06CFF744805F047
:1014300056F80021724805F06EFF032304A800222D
:10144000704900F065FD04A94FF4A9626E4812F0DE
:1014500065FA6C4800F03FFD89EE008A84ED000AD1
:10146000F0EE408A04F0C2F807EE900A674BDFED19
:10147000686A0321F8EE677A664A05201F70DA6011
:101480001A615A6167EE887AB7EE008A88EE277A89
:1014900083ED017A88EE897ADFED5F8AC6EE877A7E
:1014A00077EE886A87EEA67A83ED067A11F030FE31
:1014B000B0EE680A08230E220D2158480095CDE9A8
:1014C000015502F017FE06220721B0EE680A092333
:1014D00053480095DFED538ACDE9015502F00AFE2D
:1014E00094ED000A5048FEF7B3FF4F4BB0EE680A88
:1014F0001846C3F804801E70FEF7CAFF94ED000A78
:101500004A48FEF7A5FF494BB0EE680A1846C3F8F3
:1015100004801E70FEF7BCFF94ED000A4448FEF7FD
:1015200097FF434BB0EE680ADFED428A1846C3F8D6
:1015300004801E70FEF7ACFF94ED000A3E48FEF7F3
:1015400087FF3D4B94ED000A3C481E7083ED018AF5
:1015500001F024FB94ED000A394801F04FFD9FEDA6
:10156000390A374801F0C4FD9FED370A344801F0CD
:1015700027FE394694ED000A344801F063FAB0EED4
:10158000680A3946314801F045FAB0EE680A294642
:101590002E4801F03FFA04219FED2D0A2B4801F05F
:1015A00039FA2A4A2B4B94ED000A2B481360FEF7B8
:1015B0004FFF294BB0EE480A1C46184683ED018ABE
:1015C000FEF766FF2670FFF733FEFFF7A1FE234903
:1015D0000B4805F05FFA0A4804F035FF2049094836
:1015E0000DF5AB6DBDEC048BBDE8F04100F070BCB7
:1015F000B4190024AC040024000040421C13002451
:10160000D00B0024680D002480060024640600240A
:10161000DB0FC9400000C07F0000C8424C06002418
:101620003406002400007A430C060024E40500245C
:10163000BC050024CDCCCC3D9405002450050024ED
:10164000B404002400007A450000000020050024B6
:10165000CDCC4C3E3333333FF804002444680108BA
:10166000A5040008CDCC4C3F08B5FFF7E1FDFFF71E
:101670004FFE024B01221A7008BD00BF000100247A
:1016800008B51C4B1C481B6803661C4B1B68436653
:101690001B4B1B6883661B4B1B68C3661A4B1B687E
:1016A00003671A4B1B684367194B1B688367194B09
:1016B0001B68C367184B1B68C0F88030174B1B684A
:1016C000C0F88430164B1B68C0F88830154B1B6877
:1016D000C0F88C30144B1B68C0F890300223C0F85F
:1016E000B030FFF7FBFC11491148BDE8084011F08C
:1016F000B7BB00BF38040024600300244804002462
:1017000044040024400400243C0400243404002445
:10171000300400242C040024280400242404002481
:10172000200400241C04002418040024136401086D
:10173000B419002470B5AD4C204602F004FDAC484D
:1017400002F001FD6269BAB1AA490B681A44002A85
:101750000A6003DAFFF776F9421E0A60FFF772F9B2
:101760009042DCBF00220A60A3490B68934223DD4C
:101770000A60A24B01221A70237B7F2B01D1FFF755
:1017800043F99B4D6C69002C67D09D4E3378002B3C
:1017900049D1984B1B680C2B42D8DFE813F012009C
:1017A000260075008E00B800D100DF00E900F700C8
:1017B000F90003010501070102339342D9DA023A25
:1017C000D6E7904A9FED907A1368234407EE903A4B
:1017D000F8EEE77AC7FE877A9FED8C7AC7FEC77A64
:1017E000FDEEE77AC2ED007A1AE007EE104A884B68
:1017F0000121F8EEC76AD3ED007A9FED867AE6EE16
:10180000877A9FED857AC7FE877AB2EE047AC7FEA3
:10181000C77AC3ED007A93ED000A804801F0FAF828
:10182000764B01221A703378022B16D1714B1B684C
:10183000032B12D17A4E04EB84047A483368E11802
:1018400081F308013160C9B205F06EFD3268764B54
:10185000C3F8AC200122694B1A702B7B7F2B40F020
:10186000B680674B1B78022B40F0B180614B186843
:10187000062800F2AC80DFE810F09B009B009B0084
:10188000AA00B000B400F30007EE104A674B022133
:10189000F8EEC76AD3ED007A9FED5E7AE6EE877ABE
:1018A0009FED5D7AC7FE877AB2EE047AC7FEC77AEB
:1018B000C3ED007A93ED000AAFE707EE104A5C4BE8
:1018C000F8EEC76AD3ED007A9FED527AE6EE877A9A
:1018D0009FED4D7AC7FE877AB7EE007AC7FEC77ACA
:1018E000C3ED007AD3ED007AF5EEC07AF1EE10FA8E
:1018F0000AD9F4EEC77AF1EE10FAD8BFB0EE677AE3
:10190000464B83ED007A8BE79FED4A7AF8E707EEC6
:10191000104A494B0421F8EEC76AD3ED007A9FEDD7
:101920003D7AE6EE877A9FED3C7AC7FE877AB2EE83
:10193000047AC7FEC77AC3ED007A93ED000A6CE71C
:101940003E4A13689FED307A234407EE903AF8EE52
:10195000E77AC7FE877AB0EE087A3FE7384A13681D
:10196000E3421DD413682344032B09DD03230BE05A
:10197000344A1368E34213D413682344042B02DC73
:101980001368234400E00423136049E72E4AE6E786
:101990002E4A1368E34203D413682344002BEFDD7F
:1019A0000023F1E72A4ACCE72A4ACAE72A4AC8E7CD
:1019B0002A4B1A78062A07D8DFE802F0040A060D37
:1019C00006040400FFF772FB0C4B01221A7070BD75
:1019D00002221A70F8E70422FBE7BDE87040FFF727
:1019E0004FBEBDE87040FFF793BC00BF4C0600241B
:1019F00034060024A8040024A404002400010024C8
:101A00009D04002438040024000000000000484227
:101A1000480400240AD7233C6F12833A200500248F
:101A200034000024D00B002460030024440400246C
:101A3000400400240AD723BC3C04002434040024BE
:101A4000300400242C04002428040024240400244E
:101A5000200400241C040024180400249C040024F6
:101A6000BDE87040FFF700BE08B5104B104918687C
:101A7000104B1A68104B1B6860B9C1F89420C1F86C
:101A80009830FFF7C7F902230948C1F8B030FFF7D3
:101A900025FB08BD012807BFC1F89C20C1F8A03074
:101AA000C1F8A420C1F8A830EBE700BF440000242F
:101AB00060030024900400248C04002470B5204CA2
:101AC00023788BB3022B01D0042B2DD11D4B1B6827
:101AD0005BB3012B14BFC920CA2011F003FB1A4DC0
:101AE00007EE900A194E2B68F8EE677A96ED007AA9
:101AF000013377EE877AB3F5007F2B60C6ED007A6D
:101B000012DB23789FED127A022B67EE877A0ED1D3
:101B1000104BC3ED007A03232370002301223360AE
:101B200000232B600C4B1A7070BDCB20D5E70B4BFC
:101B3000C3ED007A05232370FFF796FFEDE700BFA2
:101B40009C040024440000249404002498040024ED
:101B50000000003B90040024000100248C040024B9
:101B600008B52DED028BFFF7E5FD9FED728AFFF7BB
:101B7000A5FFCB2011F0B6FA6F4B07EE100ACA2072
:101B8000D3ED006A6D4BB8EE477AD3ED007A6C4B1B
:101B9000E7EE267AC3ED007A11F0A4FA694B07EE5E
:101BA000100AC920D3ED006AB8EE477A664BD3ED30
:101BB000007A664BE7EE267AC3ED007A11F092FACE
:101BC000634B07EE100AC220D3ED006AB8EE477AE5
:101BD000604BD3ED007A604BE7EE267AC3ED007AD6
:101BE00011F080FA07EE900A5C4BC120F8EE677A9C
:101BF00087EE887A83ED007A11F074FA07EE900A86
:101C0000574BC020F8EE677A87EE887A83ED007A2A
:101C100011F068FA07EE900A524BC520F8EE677A89
:101C200087EE887A83ED007A11F05CFA07EE900A6D
:101C30004D4BC420F8EE677A87EE887A83ED007A00
:101C400011F050FA07EE900A484BC320F8EE677A7D
:101C500087EE887A83ED007A11F044FA07EE900A55
:101C6000434BC820F8EE677A87EE887A83ED007AD6
:101C700011F038FA07EE900A3E4BDFED3F6AF8EEBE
:101C8000677A3E4887EE887A83ED007A9FED3C7A4A
:101C9000D3ED007AB0EE470A67EEA77AA7EEA60A60
:101CA000F3EE047A80FE070A80FE670AFEF7F0FB77
:101CB000344B1B68032B06D8DFE803F002323538BB
:101CC0002E4B00221A70C72011F00CFA07EE900A72
:101CD0002D4BC620F8EE677A87EE887A83ED007A7E
:101CE00011F000FA07EE900A284B0520F8EE677A0B
:101CF00087EE887A83ED007A11F0AAFA0028244B47
:101D000014BF0122002204D0197811B92149012001
:101D100008701A70BDEC028BBDE80840FFF790B95F
:101D2000164B0122CEE7154B0222CBE7134B0422C0
:101D3000C8E700BF00C07F4440000024880400249E
:101D40007C0400243C000024840400247804002443
:101D50003800002480040024740400246C0400244F
:101D60006804002464040024600400245C0400244B
:101D7000580400245404002485EB9F41F8040024F7
:101D80000AD7233C34040024500400244C040024CB
:101D9000710400247004002438B5364A0623364CFA
:101DA000137082F8413004F10800344A137082F84D
:101DB0004130334A137082F84130324A137082F84E
:101DC00041300023304A63602260304AC4E92D2349
:101DD00005F001F820462E4B2E4A40F8083B2E49CC
:101DE0002E4B04F091FBFF230C2204F108000B2181
:101DF0000C2404F0D7FA2A4A2A4B013C136102F161
:101E00002002FAD128484FF400722849C0F8003265
:101E1000C0F82032C0F84032C0F86032C0F8C43296
:101E2000C82300F2F620224D40F80A3C11F076FD5E
:101E3000204B0022204905F108001A605A60996081
:101E4000DA601961596199612146DA611A625A6250
:101E500054229C85194B1C60C5E9003411F011FD1A
:101E60005422214605F15C0011F00BFDC5F8B0408D
:101E700038BD00BF86010030C80B002404010030CB
:101E80008200003000000030F4660108C76D0008D1
:101E90000C670108A16300089C70010899620008A2
:101EA000F00600240820803A800600243C5F0108E8
:101EB0006003002420050024000080BF14040024D7
:101EC0004FF4E0630A3003800523837003F0C6B942
:101ED000043001F00CBF043001F005BF08B5043038
:101EE00001F0FEFED0ED007AF8EE677AFCEEE77ABC
:101EF00017EE900A08BD0221202008B511F008F95C
:101F0000202011F0A5F9B0FA80F0400908BD0000CA
:101F10002DE9F043052B0D4690461E46044628BF8A
:101F200003264FF0010900272DED028B9FB005F02D
:101F300069FAA5F8088002F07BF803F023FB5E4BFA
:101F400028460E960B9303F10073CDF8449003F5E9
:101F500040730A970C934FF44173CDE90F97ADF896
:101F60003430FFF7C8FF484540F092800823ADF8B1
:101F700008000390514A0DEB03018DF80A70049399
:101F8000CDE9120705A801F097FFB5F908300AA9B5
:101F900002A8052B02BF00230122CDE91223002352
:101FA000CDE9023303F038F9B5F90830052B03D138
:101FB000424905A801F0FEFEB5F90830042B15D101
:101FC0000123002214A903A81D9314931896ADF8B9
:101FD0005C20CDE919333A4B159303F1012303F546
:101FE0007D03CDE91B22169303F016F93023CDE9CA
:101FF0000536B5F908302E1D042B53D140F6016388
:10200000ADF80430019801F081FE4FF07C5305A932
:1020100030460793DDE9022301F044FE2846FFF72E
:102020004FFF04F1700204F5F871264B1361203262
:102030009142FBD1C4F800324FF40072C4F8203250
:1020400004F2F620C4F84032C4F86032C4F8C43256
:10205000C8231D49C4F8EC3211F060FC304601F091
:1020600042FE2846B0EE408AFFF738FF07EE900A9E
:1020700041462046F8EE677A88EE270A85ED000A89
:1020800000F010FC20461FB0BDEC028BBDE8F083D1
:1020900040F60133ADF800300098CDE9127901F037
:1020A00035FE72E74FF07E53029A05A9304607933A
:1020B00001F0EAFDB2E700BF04020404840C00242E
:1020C000000106090820803A3C61010806230C4AF9
:1020D0000C210C48137082F841300B4A137082F8BF
:1020E00041300A4A137082F84130094A137082F86D
:1020F00041300022074B5A600B2203F0F1BA00BFB7
:102100008E030030840C00240C0300308A0200305F
:1021100008020030680D0024014803F05BBB00BFDB
:10212000840C002470B52DED028BB0EE408A04467D
:1021300084B0022502231B220121012603F0E8F9C5
:10214000B0EE480A04F1100002231C22012103F022
:10215000DFF9B0EE480A04F51C700D2319221A218C
:102160000095DFED1B8ACDE9015501F0C3FF04F5B1
:102170002270122313221421009602F0E5F804F2D3
:102180008D20172318221121009602F0DDF800237C
:10219000F0EE680A04F17000B0EE480A1A46C62153
:1021A00001F0F2FE0023F0EE680AC021B0EE480A0A
:1021B0001A4604F1900001F0E7FEC4F80855C4F88F
:1021C0000055C4F8FC5404B0BDEC028B70BD00BFD8
:1021D0006F12033B30B50225044600230B220C216D
:1021E00000F51C702DED028B85B0B0EE408ADFED5E
:1021F0002E8A0095CDE9015501F07CFF04F525708C
:10220000B7EE000A00231422012103F081F904F53E
:102210002970B7EE000A00231322012103F078F998
:102220000423F0EE680A04F17000B0EE480AC4F826
:10223000F834C4F8083501220023C021C4F804553D
:1022400001F0A2FEF0EE680AB0EE480A04F1900038
:1022500000230122C12101F097FEF0EE680AB0EEE2
:10226000480A04F1B00000230122C62101F08CFECF
:10227000F0EE680AB0EE480A0023012204F1D00013
:10228000C32101F081FE0121172010F041FF01213F
:10229000172010F03DFF0121112005B0BDEC028B8D
:1022A000BDE8304010F034BF6F12033B70B5C0E999
:1022B0000023049B04460626C3600B7803724B7808
:1022C0004372FF2380F820300023191120689A0000
:1022D00001EB811192B2465403F00F0025680133DF
:1022E00001EB8000202B0544A5F80120A5F8032070
:1022F00065686E5461680144A1F80120A1F80320CB
:10230000E3D104F11005217A094A41F04001284641
:1023100002F036F8284602F07CF8617A284641F04F
:10232000400102F032F82846BDE8704002F063B880
:102330001C130024DFED1C7A20EE270A13B5B5EE3E
:10234000C00AF1EE10FA2CD4B4EEE70AF1EE10FA5E
:10235000D8BFF0EE407AFCEEE77A0268CDED017A64
:102360009DF8043000EB43035C8CC1F3071301F0CC
:102370000F0103EB831303EB81031A44B2F801301E
:10238000C3F30B03E118C1F30B01A2F8031040F6ED
:10239000FE718C4288BF43F48053A2F8013002B032
:1023A00010BDDFED027AD6E700007F430000000099
:1023B000072930B504460D462DED028BF0EE608AFC
:1023C00087B0B0EE418A29D8B0F90C35022B25D15F
:1023D000144A6B4604F535749068D168124A03C3F9
:1023E00010685168114A03C31068516803C305F1AE
:1023F000180320460DEB030515F8181CFFF79AFF8C
:10240000B0EE680A15F8101C2046FFF793FFB0EEF7
:10241000480A15F8081C2046FFF78CFF07B0BDECF2
:10242000028B30BD3C6301082B660108346601084D
:10243000032907B50FD8B0F90C35022B0BD1074B88
:1024400000F53570019301F108030DEB030111F85C
:10245000041CFFF76FFF03B05DF804FB0F191A1B94
:10246000072A08B50B46114608D8B0F90C25032AEF
:1024700004D123B900F53570FFF75CFF08BD012BCF
:10248000FCD1C1F10F01F5E7072908B508D8B0F96B
:102490000C35032B04D1103100F53570FFF74AFFDE
:1024A00008BD0000B0F90C35022B70B504462DEDC7
:1024B000028B1ED100259FED1E8ADFED1D0AE9B2B9
:1024C0000135B0EE481AB0EE600A2046FFF770FF03
:1024D000082DF2D100259FED168AE9B20135B0EE44
:1024E000480A2046FFF7A4FF042DF6D1BDEC028B6D
:1024F00070BD032BFAD100259FED0D8AEEB2B0EE30
:10250000480A0021204632460135FFF7A9FFB0EE08
:10251000480A324601212046FFF7A2FFB0EE480AE2
:1025200031462046FFF7B0FF082DE7D1DEE700BFB8
:1025300000000000F8B5D0E9001204460023C0E90D
:10254000002101EB8300B0F8035002EB830001335C
:10255000A0F80350102BF4D1002301EB8300B0F856
:10256000445002EB83000133A0F84450102BF4D107
:10257000FF2304F1100784F8203094F92050012D36
:1025800008DC01356DB2022D84F8205003D1FF2301
:1025900084F82030F8BD6319002605EB8515384610
:1025A000197A41F0400101F0F0FE05EB8603626804
:1025B000F1B201361A443846B2F80330B2F80120BD
:1025C00001F05CFF102EF0D1D7E708B5B0F80C355C
:1025D000023B9BB2012B03D800F53570FFF7AAFF31
:1025E00008BD00000C23624A70B52DED028B86B049
:1025F000C0F800350623022507260446C0F8083532
:102600004FF48073B0EE408A05A9ADF814304FF056
:10261000FF33C0F8FC6400F53570C0F82452009315
:10262000544BFFF743FE2046FFF73CFF2046FFF7E1
:10263000CCFFB0EE480A04F51C700E231B221C21AF
:102640000095DFED4D8ACDE9015501F053FD0023E2
:10265000F0EE680A04F17000B0EE480A1A46C12193
:1026600001F092FC0023F0EE680A04F19000B0EE55
:10267000480A1A46C42101F087FC0023F0EE680ADC
:1026800004F1B000B0EE480A1A46C22101F07CFC09
:102690000023F0EE680A04F1D000B0EE480A1A46B2
:1026A000C52101F071FC0023F0EE680A04F1F0008E
:1026B000B0EE480A1A46C32101F066FC0023F0EE92
:1026C000680A04F58870B0EE480A1A46C62101F07F
:1026D0005BFC0023F0EE680A04F52D70B0EE480AAA
:1026E0001A46C02101F050FCB0EE480A2B462046A5
:1026F0000822012102F00CFFB0EE480A2B4604F13B
:1027000010000922012102F003FFB0EE480A2B4617
:1027100004F120000A22012102F0FAFEB0EE480A7C
:102720002B4604F130000D22012102F0F1FEB0EE43
:10273000480A2B4604F140001922012102F0E8FE6C
:10274000B0EE480A2B4604F150001A22012102F093
:10275000DFFEB0EE480A2B463246012104F160004C
:1027600006B0BDEC028BBDE8704002F0D1BE00BFE8
:1027700092040030100400306F12033B70B5022544
:1027800004461E2200212B461B262DED028BB0EEA7
:10279000408A84B0C0F8FC54C0F8F85402F0B8FE87
:1027A000B0EE480A2B4604F110001D22002102F071
:1027B000AFFE4FF40073384A03A9ADF80C304FF068
:1027C000FF3304F535701A250093344BFFF76EFD87
:1027D0002046FFF767FE2046FFF7F7FE0121152090
:1027E00010F096FC0121142010F092FC012113201E
:1027F00010F08EFC0023DFED2A0AB0EE480A1A46DC
:1028000004F17000C12101F0BFFB1C200121C4F8BC
:102810001465C4F81005C4F82C05C4F8185510F058
:1028200077FC30460121C4F8306510F071FC284671
:102830000021C4F8345510F06BFC1022002104F282
:102840001C5011F01EF8B0EE480A04F5F870C221D1
:1028500001F0C2FBB0EE480A04F50470C32101F098
:10286000BBFBB0EE480A04F50C70CA2101F0B4FBC2
:10287000B0EE480A04F51470C92101F0ADFB012146
:10288000172010F045FC0121162004B0BDEC028B8E
:10289000BDE8704010F03CBC9605003014050030D7
:1028A0006F12033B0223A0F80C150139C0F8F8346D
:1028B0000023C0F80835C0F80435C0F8FC34C0F86F
:1028C000003503290BD8DFE801F002040608FFF702
:1028D00029BCFFF787BEFFF751BFFFF77BBC7047EE
:1028E0000623084A137082F84130074A137082F8B1
:1028F0004130064A137082F84130054A137082F85D
:1029000041307047960500301405003092040030C5
:1029100010040030012380F82C3009B100234360FB
:1029200070470000D0ED047AF4EE407A10B5F1EE75
:1029300010FA04462DED048BB0EE409AB0EE608A9A
:1029400006D1D0ED027AF4EE607AF1EE10FA32D0D0
:10295000B5EEC09A84ED049AF7EE008A84ED028AFF
:10296000F1EE10FA25DDF2EE040AB0EE480A11F09D
:1029700001FCDFED127A28EE278AF2EE027AA0EE51
:10298000278ADFED0F7A38EE278A88EE880A84EDF1
:10299000038A38EEC00A11F0BDFBD4ED0A7AF8EED6
:1029A000E77A67EE897A80EE270A11F053FB78EE1A
:1029B000C08AC4ED078ABDEC048B10BD9A99993E7C
:1029C000AE47813FD1ED007AF4EE407A10B5F1EEDA
:1029D00010FA14462DED028B18D0B5EEC00A81ED29
:1029E000000AB7EE008AF1EE10FA0DDDD0ED0A7A9A
:1029F000F8EEE77A67EE807ABFEE000A80EE270AEB
:102A000011F028FB38EE408A84ED008ABDEC028B81
:102A100010BD0000022907D004290BD001290ED1D6
:102A2000DFED070AFFF77EBF00F1200200F114017D
:102A3000FFF7C8BF00F1240200F11801F8E7704762
:102A40000000000007EE101A194BDFED1A0AB8EE6D
:102A5000C77A10B5C0EE077A04462DED028B83606D
:102A6000036143618361144B9FED148A036000236B
:102A7000B0EE480AC0ED030AC0ED010AFDEEE77AA8
:102A80008385C0ED0A7AFFF74DFFB0EE480A04F1E6
:102A90001401204604F12002FFF794FFB0EE480A2B
:102AA00020460421BDEC028BBDE81040FFF7B2BF09
:102AB000000080BF000000003333333FCDCCCC3D5D
:102AC00090F82D30F1B113B9012380F82C3090F833
:102AD0002C3080F82D10022B18D190ED087AD0ED13
:102AE000007A90ED010A77EEC07AA7EE870AB5EE7C
:102AF000C00AF1EE10FA26D500234360002380F8C7
:102B00002C300CE0002BE2D00423DEE7042B04D1B0
:102B100090ED097ADFED117AE3E7012B02D09FED0A
:102B2000100A704790ED010AD0ED037A90ED077A14
:102B300077EEC07AA7EE870AF7EE007AB4EEE70ADE
:102B4000F1EE10FA02DC80ED010A70470223B0EECC
:102B5000670AC0ED017A80F82C3070470AD723BC91
:102B600000000000B5EEC00AF0EE407AF1EE10FA77
:102B700011D4B1EE007AB4EEC70AF1EE10FA08DA19
:102B8000B6EE007AB4EEC70AF1EE10FA03D411F0F3
:102B900091BBF7EE007AB0EE670A704700230A4A4D
:102BA00080ED0E0A03604260C360084A436203611D
:102BB00083624361C3628361C36103620363044B45
:102BC00082604363704700BFCDCCCC3E00007A44A6
:102BD000000080BFD0ED017A90ED027AF5EEC07A68
:102BE0002DE9F041F1EE10FA04462DED088BDFEDF2
:102BF000608AB0EE409A84B0DFED5E9A58BFF0EE86
:102C0000678AD0ED0C7AF4EE477AF1EE10FA07D12C
:102C1000D0ED0D7AF4EE687AF1EE10FA00F09580BE
:102C2000D4ED0E6AB6EE000A84ED0C7AC7EE267A71
:102C30009FED517A9FED516A67EEA76A27EE800AF1
:102C400066EEA65A26EE877AA5EE867A9FED4C6A46
:102C5000A7EEC67A9FED4B6A37EE067A9FED4A6A79
:102C600067EE867A9FED496AE6EE867ADFED486A7E
:102C700037EEA68ADFED477A20EE270A27EE400AD4
:102C800011F0E8F9F7EE007AC4ED0D8A84ED0F8AB1
:102C900077EEC07A87EEA9AA84ED10AAF1EE007A49
:102CA0004FF00208B6EE00BA68EEA78A68EE888A8E
:102CB000D4ED087A204694ED038A6F46A7EEE89A91
:102CC00004F11005012629EE290AFFF74BFFD4ED88
:102CD000097A30EE670AF0EE487AE0EE0A7ACDED36
:102CE000007AC4ED037AB7EC019A2046F5EC01AA0C
:102CF00029EE290AFFF736FF032EB0EE408A85ED54
:102D0000040A2CD095ED050A38EE408A0136F0EE23
:102D10006A7A042EE8EE0A7AC7ED007A45ED017A68
:102D2000E1D1DDED037AB8F1010F94ED070AC4EDAE
:102D3000077A37EE800A20EE0B0A84ED080A0BD1E1
:102D400004B0BDEC088BBDE8F081F0EE678A90ED31
:102D50000F8A90ED10AAA1E74FF00108A8E715ED42
:102D6000010A204620EE290AFFF7FCFECCE700BF4F
:102D70000000000017B7D1372DB2FD3E77BEEF3F00
:102D8000DD24263F5BB17F3F9CA2EB3FFAED7BC089
:102D9000492E7F3FDB0FC940DFED167A60EE277AC0
:102DA000B7EE000AF4EEE07AF1EE10FA0ADD80EEFA
:102DB000A77AF0EE006A67EE477AE7EE267A37EEFA
:102DC000C00A704730EE677AB4EEE07AF1EE10FA9E
:102DD00041BF70EEC00A80EEA77AF0EE477AE7EEC8
:102DE000077A46BF77EE877A37EE800A9FED020AB0
:102DF000704700BF83F9223E00000000037810B541
:102E000004462DED068BD0ED059AD0ED068A9FED98
:102E1000709A072B00F2D780DFE803F00431424FAD
:102E20005A6698A9B0EE690A11F00AFA79EEA89AE2
:102E3000DFED687AF4EEE79AF1EE10FAC6BF79EEAC
:102E4000E79A0123002379EEE88AC4ED059A84F815
:102E50002530F4EEC98AF1EE10FA40F1B780F4EEB5
:102E6000C99AF1EE10FAACBF01230023D4ED017A28
:102E700084F8243020EE270ABDEC068B10BD39EE15
:102E8000A97ADFED557ABFEE000AA7EE270AF6EE23
:102E9000007AB0EEC00A30EE670A30EE000AC5E7ED
:102EA000DFED4D7AB0EE007ABFEE000A69EEA77A48
:102EB000A7EE870AB1EE400AB8E7DFED477AB0EE39
:102EC000007ABFEE000A69EEA77AA7EE870AADE79F
:102ED000F4EEC99AB7EE000AFFEE007AF1EE10FAAE
:102EE00058BFB0EE670AA1E7F4EEC99A9FED3A6ABF
:102EF000B7EE008ABFEE00AAF1EE10FA29EE866A5C
:102F0000B0EE680A48BFB0EE48AAF0EE460AFFF7F6
:102F100043FFF0EE480A3AEE00AAB6EE000A36EE9B
:102F2000000A11F0D3F8F0EE400AB0EE680AFFF79D
:102F300033FF3AEE40AA38EE680AD4ED077A20EE65
:102F4000270AAAEE280A84ED070A6FE7DFED220AB6
:102F5000F0EE007ABFEE006A69EEA00AB0EE680AF1
:102F6000A0EEA76AFFF718FF36EE400AA2E7F4EEDC
:102F7000C99A9FED196AF7EE005ABFEE008AF1EE8A
:102F800010FA29EE866AB0EE680A48BFB0EE658A8C
:102F9000F0EE460AFFF700FFF0EE650A38EE008A11
:102FA000B6EE000A36EE000A11F090F8F0EE400A94
:102FB000B0EE680AFFF7F0FE38EE400ADFED077A60
:102FC00020EE270A32E79FED060A2FE700234DE7A0
:102FD000DB0F4940DB0FC94083F9223EF4FD343F4B
:102FE00000000000DFED047A20EE270AD0ED047A1D
:102FF00020EE270A704700BFDB0FC9400C4B80ED65
:10300000000A43604FF07C538360C3604FF07A53F3
:103010000361002343618361C3610362436283628E
:10302000C362036403634363C3638363704700BF86
:1030300000004843F0EE403A90ED097AD0ED044AA2
:1030400090ED055AF0EE476AD0ED075AE5EE473AA3
:10305000D0ED037AE7EE245A80ED0B0A27EE276ABB
:1030600026EE076A33EEE54AE4EE846A35EEC43AAA
:10307000E7EE466AB0EE657AA5EE660AA4EEA67A99
:10308000B0EE666A67EEA67A67EEA67A80ED060A6B
:1030900030EE475A80ED077AA4EE856A80ED085A33
:1030A000A6EEE76AF6EE007A67EE274A37EE457A33
:1030B00020EE270A80ED096AE5EEA74A26EE276A88
:1030C00065EE275A27EE277AA6EEA76AE4EE275A7E
:1030D000A3EE277AC0ED0C4AA3EEA70A80ED0E6A94
:1030E000C0ED0D5A80ED0F7A80ED100A7047000098
:1030F0009FED317AD0ED007AB4EEC70A10B5F1EE4B
:1031000010FA04462DED068BB6EE00AAB7EE009A33
:103110004ED427EE8A7AB4EEC07AF1EE10FA01D5D9
:1031200037EE490A77EEA77A84ED010AF5EE008AB8
:1031300080EE277A9FED210AB4EEE87AF1EE10FADC
:10314000C8BFB0EE687A27EE000A11F079F830EEC9
:10315000008AD4ED029AF0EE680AB0EE690A84EDB6
:10316000048A11F007F8F0EE007A39EE400A87EE93
:10317000887A30EE000AA8EE4A7AB4EEE77AF1EEE9
:1031800010FAD8BFF0EE477AF4EEC07AF1EE10FAFA
:1031900009DDF0EE680AB0EE690A10F0EBFF79EE97
:1031A000407A77EEA77AC4ED057ABDEC068B10BDA8
:1031B000B0EE470AB6E700BFBD378635DB0F4940A2
:1031C000B5EEC00A10B5F1EE10FA04462DED028BF3
:1031D000F7EE008A39D4B4EEE80AF1EE10FAD4BF63
:1031E000B0EE408AB0EE688AF5EE000A84ED028AFD
:1031F000B0EE480A10F0BEFFF0EE007AD4ED046A9B
:10320000B6EE006A38EEC00A87EEA67A30EE000A03
:10321000A6EEC67AB4EEE77AF1EE10FAD8BFF0EE79
:10322000477AB4EEE70AF1EE10FA09D5F5EE000A96
:10323000B0EE480A10F09EFF78EEC07A77EEA77ADB
:10324000C4ED057ABDEC028B10BD9FED018ACBE782
:1032500000000000D0E9052322B1002B0CBF0220A2
:1032600004207047181E18BF01204000704700005E
:103270002DE9F04FC04E89B080468A46A6F1140968
:10328000304600AF154601F0D7FF04464846FFF729
:10329000E1FF834630B3D9F8043064699E46002BC1
:1032A00000F07881AB00EB46012C03F1070323F01B
:1032B0000703ADEB030D6846ADEB030D6E463BD047
:1032C000022C13D0002C65D02A463146734698470D
:1032D000012C00F0C280022C00F08280002C00F053
:1032E000F780DD462437BD46BDE8F08F99ED0B7AB7
:1032F00002460023DFEDA16A08F1040CAB4202F1A3
:103300000802E1D258F8231007EE901A5CF8231057
:103310000233F8EEE77A67EEA67A67EE877A42ED37
:10332000027A07EE901AF8EEE77A67EEA67A67EE71
:10333000877A42ED017AE1E799ED0B7A01460022A6
:10334000DFED8F6A08F1040CAA4201F10801BBD23B
:1033500058F8223083F40003A3F5000307EE903AF7
:103360005CF822300232F8EEE77A83F40003A3F52A
:10337000000367EEA67A67EE877A41ED027A07EEE0
:10338000903AF8EEE77A67EEA67A67EE877A41ED33
:10339000017AD9E799ED0B7A02462346DFED796A87
:1033A00008F10401AB4202F108028DD238F923C0C2
:1033B00007EE90CA31F923C00233F8EEE77A67EEE0
:1033C000A67A67EE877A42ED027A07EE90CAF8EEA7
:1033D000E77A67EEA67A67EE877A42ED017AE1E74F
:1033E00099ED046A00239FED687A0AF10402DFED8B
:1033F000676AAB42BFF475AFD6ED007A66EE277A06
:10340000F4EEC77AF1EE10FA40F2B080F4EEE67A0C
:10341000F1EE10FAA8BFF0EE667AFEEEE07A17EE53
:10342000901AD6ED017A66EE277A4AF82310F4EE68
:10343000C77AF1EE10FA40F29C80F4EEE67AF1EEF3
:1034400010FAA8BFF0EE667AFEEEE07A083617EEC4
:10345000901A42F823100233CBE799ED046A002357
:103460009FED497A0AF10402DFED486AAB42BFF4EE
:1034700038AFD6ED007A66EE277AF4EEC77AF1EE31
:1034800010FA6DD9F4EEE67AF1EE10FAA8BFF0EE7C
:10349000667AFEEEE47A17EE901AD6ED017A66EEC1
:1034A000277A4AF82310F4EEC77AF1EE10FA5AD9C7
:1034B000F4EEE67AF1EE10FAA8BFF0EE667AFEEED0
:1034C000E47A083617EE901A42F823100233CDE75B
:1034D00099ED046A0AF104029FED2B7ADFED2B6A65
:1034E000DFED2B5AAC42BFF4FCAED6ED007A66EEAF
:1034F000277AF4EEC77AF1EE10FA2BD9F4EEE67AD9
:10350000F1EE10FAA8BFF0EE667A67EEA57AFDEE4E
:10351000E77A17EE903AD6ED017A66EE277A1BB27B
:103520004AF82430F4EEC77AF1EE10FA15D9F4EE29
:10353000E67AF1EE10FAA8BFF0EE667A67EEA57AA9
:103540000836FDEEE77A17EE903A1BB242F82430C7
:103550000234C7E7F0EE477AD7E7F0EE477AEDE7B7
:10356000F0EE477A95E7F0EE477AA8E7F0EE477A73
:1035700053E7F0EE477A67E78C0D00240000003037
:10358000000000340000003804FF7FBF04FF7F3FCD
:1035900000FEFF4656F8143C3B61002B3FF4A2AE00
:1035A000301DC7F80CD001F055FEBBF1020F4FEAF9
:1035B0008B01F86114BF6A002A460731BBF1020F84
:1035C0004FEA820321F0070103F1070323F0070309
:1035D000ADEB030DB2FBFBF2C7F814D0ADEB030D5E
:1035E0007B69EC46ADEB010D03EB82036846ADEB66
:1035F000010D7969BB616E4643600CEB820301608B
:103600004FEA8201CDF800C0019308D0BA690B449B
:103610000A4402930B4482600A440393C260012C63
:103620006BD0022C12D0002C00F0D0806A083146FA
:103630003B699847012C00F0AB81022C00F02181FE
:10364000002C00F02082D7F80CD04BE6DFF834E3F2
:103650000021FA69DEF820309FEDC77A03EB820C77
:1036600008F104037B60A942E0D24B087A69DEEDE1
:103670000B6ABBF1020F02EB83024FEA8309BA60C7
:1036800058F8212007EE902ABA68F8EEE77A67EE3C
:10369000877A67EEA67AC2ED007ABA6902EB8303F5
:1036A0007A6852F8212007EE902ABA60F8EEE77A9D
:1036B00067EE877A67EEA67AC3ED007A19D0DCED63
:1036C000007A8268F8EEE77AC3684A444B4467EEB2
:1036D000877A67EEA67AC2ED007ADCED017ADEED3C
:1036E0000B6AF8EEE77A67EE877A67EEA67AC3EDA3
:1036F000007A02310CF1080CB5E7DFF888C200222D
:10370000FB69DCF820109FED9D7A01EB830108F145
:1037100004037B60AA4289D24FEA52097B69DCED3F
:103720000B6ABBF1020F03EB89034FEA890EBB6002
:1037300058F8223083F40003A3F5000307EE903A13
:10374000BB68F8EEE77A67EE877A67EEA67AC3ED94
:10375000007ABB6903EB89097B6853F8223083F454
:103760000003A3F5000307EE903AF8EEE77A67EE60
:10377000877A67EEA67AC9ED007A24D0836803EBD6
:103780000E090B6883F40003A3F5000307EE903ADB
:10379000C368F8EEE77A9E444B6867EE877A83F455
:1037A0000003A3F5000367EEA67AC9ED007A07EEE1
:1037B000903ADCED0B6AF8EEE77A67EE877A67EE0F
:1037C000A67ACEED007A02320831A3E7DFF8B4E141
:1037D0002146FA69DEF820309FED697A03EB820C0E
:1037E00008F104037B60A942BFF420AF4B087A695B
:1037F000DEED0B6ABBF1020F02EB83024FEA830995
:10380000BA6038F9212007EE902ABA68F8EEE77A14
:1038100067EE877A67EEA67AC2ED007ABA6902EBA4
:1038200083037A6832F9212007EE902AF8EEE77ACE
:1038300067EE877A67EEA67AC3ED007A1DD0BCF9F1
:103840000030826807EE903AC3684A44F8EEE77A9F
:103850004B4467EE877A67EEA67AC2ED007ABCF930
:103860000420DEED0B6A07EE902AF8EEE77A67EEA9
:10387000877A67EEA67AC3ED007A02310CF1080C64
:10388000B1E7404B0AF104049FED3F7A986A93ED4B
:10389000046AFB69DFED3D6A00EB83000023AB4265
:1038A000BFF4D1AE5A08316801EB82014FEA820CB5
:1038B000D1ED007A66EE277AF4EEC77AF1EE10FACF
:1038C00040F27F81F4EEE67AF1EE10FAA8BFF0EE56
:1038D000667A7168FEEEE07A614417EE902AD1EDC7
:1038E000007A4AF8232066EE277AF4EEC77AF1EEE2
:1038F00010FA40F26981F4EEE67AF1EE10FAA8BF10
:10390000F0EE667AFEEEE07ABBF1020F17EE902A37
:1039100044F823202DD0B1686144D1ED007A66EEE1
:10392000277AF4EEC77AF1EE10FA40F25081F4EE05
:10393000E67AF1EE10FAA8BFF0EE667AF268FEEED3
:10394000E07A6244C0ED007AD2ED007A66EE277A22
:10395000F4EEC77AF1EE10FA40F23C81F4EEE67A2A
:10396000F1EE10FAA8BFF0EE667AFEEEE07AC0ED56
:10397000017A0233083092E7000000300000003482
:1039800000000038780D002404FF7FBF04FF7F3F54
:10399000924B0AF104049FED927A986A93ED046ABF
:1039A000FB69DFED906A00EB83000023AB42BFF4BC
:1039B0004AAE5A08316801EB82014FEA820CD1ED20
:1039C000007A66EE277AF4EEC77AF1EE10FA40F24A
:1039D000EC80F4EEE67AF1EE10FAA8BFF0EE667A2B
:1039E0007168FEEEE47A614417EE902AD1ED007A18
:1039F0004AF8232066EE277AF4EEC77AF1EE10FA41
:103A000040F2D680F4EEE67AF1EE10FAA8BFF0EEBE
:103A1000667AFEEEE47ABBF1020F17EE902A44F8C4
:103A200023202DD0B1686144D1ED007A66EE277A6B
:103A3000F4EEC77AF1EE10FA40F2BD80F4EEE67AC9
:103A4000F1EE10FAA8BFF0EE667AF268FEEEE47AC4
:103A50006244C0ED007AD2ED007A66EE277AF4EE89
:103A6000C77AF1EE10FA40F2A980F4EEE67AF1EEB0
:103A700010FAA8BFF0EE667AFEEEE47AC0ED017AA5
:103A80000233083092E7554B0AF104009FED547A57
:103A9000996A93ED046AFB69DFED526A01EB8301D9
:103AA000DFED515AAC42BFF4CEAD6308326802EB91
:103AB00083024FEA830CD2ED007A66EE277AF4EEA9
:103AC000C77AF1EE10FA64D9F4EEE67AF1EE10FA64
:103AD000A8BFF0EE667A67EEA57A72686244FDEEE2
:103AE000E77A17EE903AD2ED007A66EE277A1BB2AB
:103AF0004AF82430F4EEC77AF1EE10FA4CD9F4EE1D
:103B0000E67AF1EE10FAA8BFF0EE667A67EEA57AD3
:103B1000BBF1020FFDEEE77A17EE903A1BB240F8C8
:103B2000243033D0B2686244D2ED007A66EE277A50
:103B3000F4EEC77AF1EE10FA31D9F4EEE67AF1EE4E
:103B400010FAA8BFF0EE667A67EEA57AFDEEE77A86
:103B500017EE903A1BB20B60F3686344D3ED007A22
:103B600066EE277AF4EEC77AF1EE10FA1AD9F4EE7F
:103B7000E67AF1EE10FAA8BFF0EE667A67EEA57A63
:103B8000FDEEE77A17EE903A1BB24B600234083133
:103B900088E7F0EE477A9EE7F0EE477AB6E7F0EE78
:103BA000477AD1E7F0EE477AE8E7F0EE477A17E791
:103BB000F0EE477A2DE7F0EE477A46E7F0EE477AE7
:103BC0005AE7F0EE477A84E6F0EE477A9AE6F0EEAE
:103BD000477AB3E6F0EE477AC7E600BF780D0024D7
:103BE00004FF7FBF04FF7F3F00FEFF467FB5044612
:103BF00001A8089E04F1080580E80E0007C885E8C2
:103C00000B00D4ED047AF5EEC07AF1EE10FA02DC86
:103C1000012004B070BDF7EE006A86EEA77A84ED4D
:103C20000B7A002EF4D0204640F8146F01F004FB0C
:103C300003690020E360024BE361024B6362E8E743
:103C40001826003018060030836937B504460D4643
:103C500043B183680022183000929B00026981689A
:103C600001F0ECFAA36804F11400064A9B000092EC
:103C7000626AE16901F0E2FA00202560606003B049
:103C800030BD00BF7132000807B503460448186014
:103C900000920EC9FFF7AAFF03B05DF804FB00BF56
:103CA000780D0024F0B50B4D87B017461E46056011
:103CB00003AC07C984E807000097284694E80E0083
:103CC000FFF794FF044B0020AE612B62034BAB6205
:103CD00007B0F0BD780D00241836003018160030FB
:103CE0000068083070470068143001F0B0BA08B5B9
:103CF0000068FFF7A9FF002008BD0000024B00226A
:103D0000C3E90522704700BF780D00241FB50124C8
:103D1000ADF80C0003A8ADF80E4000F043FA2146C0
:103D200003A800F0EFFA204601F05EFC002103A892
:103D300000F0E8FA204601F057FC214603A800F005
:103D4000E1FA04B010BD70B50E4601790446006872
:103D50004908154601F074FD2068314603681B6868
:103D600098470021206801F016FE01222179206881
:103D7000D14001F086FE206803685B69984728708F
:103D8000002070BD70B50E460179044600684908F0
:103D9000154601F055FD2068314603681B689847B9
:103DA0002068294603681B689847206801F06EFE6A
:103DB000002070BD37B50446084621602E4901F049
:103DC0001DFD20681B221A230021C0E9212301F0D8
:103DD00023FF8C230DF10502402123712046FFF7BC
:103DE000B2FF9DF805204021204602F07F02FFF738
:103DF000C9FF042001F0F8FB0DF105024021204627
:103E0000FFF7A1FF9DF805204021204602F0BF02E8
:103E1000FFF7B8FF042001F0E7FB0DF10602432194
:103E20002046FFF790FF0DF1070248212046FFF7DB
:103E30008AFF9DF807509DF80620432145F00105B3
:103E4000204642F00102FFF79DFF2A464821204606
:103E5000FFF798FF0DF1050240212046FFF773FFA1
:103E60009DF805204021204602F0CF02FFF78AFF8F
:103E7000002003B030BD00BF801A060070B51546A3
:103E800004460E46017C006801F0D2FC2068C5F3B0
:103E9000002343EA46010368C9B21B6898472068BB
:103EA000E9B203681B689847206801F0EFFD0A201B
:103EB00001F09AFB002070BD38B503460446154654
:103EC00043F8042B07C983E8070028462D4901F071
:103ED00095FC20681B2274230021C0E9212301F0F6
:103EE0009BFEA37900220F211A3320462374FFF78B
:103EF000C5FF172200212046FFF7C0FF172201212E
:103F00002046FFF7BBFF002202212046FFF7B6FF45
:103F1000002203212046FFF7B1FF12220421204690
:103F2000FFF7ACFF002205212046FFF7A7FF23790A
:103F300006212046002B14BF62224222FFF79EFF7B
:103F400007212046D4E902231A43637942EA431247
:103F5000237983F0010342EA8312D2B2FFF78EFF86
:103F6000002208212046FFF789FF00220921204670
:103F7000FFF784FF012209212046FFF77FFF002081
:103F800038BD00BF801A0600F8B50D460446002172
:103F90001E46284617462DED028BB0EE408AF0EE05
:103FA000608A0FF0B5F8F6EE007A002384ED028AFD
:103FB00028EE288A2570E360A36128EE278A2777F8
:103FC000F7EE007A667787EE887AC4ED057ABDEC65
:103FD000028B84ED017AF8BD38B50D460446002108
:103FE00028462DED028BB0EE408A0FF091F8DFED00
:103FF0000F7AF7EE006A0023257084ED028A28EE1E
:10400000278AF6EE007AE3604FF0804328EE278A95
:1040100063614FF48073C4ED067A86EE887AA383D9
:10402000BDEC028B84ED017A38BD00BF6F12033BFB
:10403000244B07B5D3F8D8200B2042F00102C3F877
:10404000D8200022D3F8D830114603F001030193A1
:10405000019B04F023F90B2004F052F900220C20FC
:10406000114604F01BF90C2004F04AF900220D203F
:10407000114604F013F90D2004F042F900220E203D
:10408000114604F00BF90E2004F03AF900220F203B
:10409000114604F003F90F2004F032F90022102039
:1040A000114604F0FBF8102004F02AF90022112038
:1040B000114604F0F3F8112003B05DF804EB04F0AE
:1040C0001FB900BF00440258203100290EDD20F046
:1040D0001F00BFF34F8F064B2039C3F85C0220301E
:1040E0000029F9DCBFF34F8FBFF36F8F704700BF1C
:1040F00000ED00E02DE9F04104461E460023154680
:1041000008462DED028B63614FF6FF73B0EE408AD7
:104110009DF824802382E274A1749DF820109DF8FC
:1041200028700EF0F5FF414628460EF0F1FFB0EE84
:10413000480A3B46324620460121BDEC028BBDE8D1
:10414000F04101F0E5B970B50546807C0FF080F8CC
:104150000446E87C0FF07CF80646284601F0ECF9AE
:104160002B7C6A7C44EA430346EA42005BB242B2DB
:1041700003F00F01C0B22B740E2901D151070CD0EE
:1041800002F00F020E2A0AD103F00703B3FA83F3F9
:104190005B095B4268746B6170BD0123FAE7002321
:1041A000F8E7000030B583788FB00446022B21D0A9
:1041B000032B02D0591E4B424B410A93E378012B4B
:1041C00003D09A1E534253415B000B9300232046B9
:1041D0000C9300F0A9F80546204600F0ADF82378CE
:1041E0000990082B15D8DFE803F0071A2836445247
:1041F000606E7C001123E0E7414BD3F8E02042F0F1
:104200000102C3F8E020D3F8E03003F0010300938B
:10421000009B09A9284605F005F90FB030BD384BC1
:10422000D3F8E02042F00202C3F8E020D3F8E030F7
:1042300003F002030193019BEBE7314BD3F8E0203D
:1042400042F00402C3F8E020D3F8E03003F00403A6
:104250000293029BDDE72A4BD3F8E02042F00802EC
:10426000C3F8E020D3F8E03003F008030393039B86
:10427000CFE7234BD3F8E02042F01002C3F8E02050
:10428000D3F8E03003F010030493049BC1E71C4B08
:10429000D3F8E02042F02002C3F8E020D3F8E03069
:1042A00003F020030593059BB3E7154BD3F8E020FB
:1042B00042F04002C3F8E020D3F8E03003F04003BE
:1042C0000693069BA5E70E4BD3F8E02042F0800250
:1042D000C3F8E020D3F8E03003F080030793079B96
:1042E00097E7074BD3F8E02042F48072C3F8E02050
:1042F000D3F8E03003F480730893089B89E700BF8C
:104300000044025870B506460D4600F00DF804460C
:10431000304600F011F82A1E0146204618BF01223F
:10432000BDE8704005F002BA0278024B53F8220053
:10433000704700BFCC6701084278024B33F8120087
:10434000704700BFAC67010870B504461D469DF874
:104350001030164608462170237101216270A57045
:104360000EF0D6FE304601210EF0D2FE2846012185
:10437000BDE870400EF0CCBE0368C9B21B68184798
:104380000023C2600170436070470170704710B530
:1043900004460178C06801F04BFAE06801F076FB52
:1043A0006060B0FA80F0400910BD70B504460E465A
:1043B00001781546C06801F03BFAE06831460368B1
:1043C0001B689847E068294603681B689847E068BF
:1043D00001F05CFB606070BD10B401294FF0000477
:1043E000446004D9FD225DF8044B426070475DF8DB
:1043F000044BFFF7DABF0021202210B504464160CC
:10440000FFF7EAFF362220460121BDE81040FFF702
:10441000E3BF38B504460021C06801F0FDFB20462B
:10442000FFF7B5FF054610B12046FFF7E4FF284629
:1044300038BDF8B504460F4601781646C0681D46DB
:1044400001F0F6F9E068394603681B689847E068B0
:10445000F1B2FFF791FFC6F30421E068FFF78CFF8C
:10446000E068E9B2FFF788FFC5F30421E068FFF7D1
:1044700083FFE06801F00AFB6060F8BD30B40F29EB
:104480004FF00005456003D9FE2330BC4360704700
:104490008900063130BC01F0FE01FFF7CABF10B53C
:1044A0004FF4807390B0A02204460893EB2304924B
:1044B000062202934FF4406307924FF08052099313
:1044C0004FF400530F924FF0407205934FF4404366
:1044D0000B9202A90A9300236A4610300693CDE995
:1044E0000D33CDE9003307F06CFB10B1012084F8E7
:1044F0005C0010B010BD30B54FF4807295B00B4623
:104500004FF080710C92052201240546069200228C
:104510000F9110300B9206A913920092049201940D
:104520000394CDE90D22CDE91122102202924FF41D
:10453000800205926A4607F0F0FA10B1204685F82D
:104540005C4015B030BD30B54FF480738FB000F1D2
:10455000100504460693662341F2883269460093AB
:1045600000232846099305930D93CDE90733CDE940
:104570000B3307F0C8F920B1012084F85C000FB0BC
:1045800030BD992341F2883269462846009307F0EE
:10459000BAF90028F0D141F288312046FFF7ABFF8D
:1045A0000028ECD0E8E710B5044601F05BF80728D6
:1045B00005BF03230120002084F85C3010BD30B516
:1045C0004FF4807395B004460C93062306930023A2
:1045D000CDE90D330F930B931393CDE91133FFF70F
:1045E000E2FF58B904F1100541F2883206A92846C5
:1045F00007F089F928B1012384F85C30012015B057
:1046000030BD022310224FF4800104902846CDE9EA
:1046100000330123CDE9022305236A46CDE90513C2
:104620004FF0807306A90F9341F2883307F075FAB3
:104630000028E4D0DFE730B5002391B04FF480725A
:10464000044600F11005ADF806300A930793CDE952
:1046500008234FF080720B920122CDE90E33CDE991
:104660000C2300293ED1612341F2883202A9284659
:10467000029307F048F920B1012084F85C0011B0E2
:1046800030BD41F288320DF10601284607F0E1F90C
:104690000028F1D1BDF80630204623F0780343F01E
:1046A0004003ADF80630FFF78AFF0028E4D1C023AD
:1046B00041F2883202A92846029307F024F9002823
:1046C000DAD141F288320DF10601284607F061F98E
:1046D0000028D1D141F288312046FFF70CFF002895
:1046E000CDD0C9E7F023ADF80630E0E72DE9F04181
:1046F000002396B001264FF480724FF08078044674
:104700008DF807300E920896CDF844800D93CDE9D0
:104710000F33CDE91263CDE91433FFF750FF28B111
:10472000012084F85C0016B0BDE8F08104F11005AA
:1047300041F2883208A9284607F0E5F80028EFD1B1
:10474000402741F288320DF1070128468DF80770A5
:1047500007F01FF90028E3D110234FF4800102AACB
:10476000CDF8448004930523CDE90560CDE9071316
:10477000284641F2883308A9CDE9027707F0CDF940
:104780000028CDD141F288312046FFF7B4FE002841
:10479000C9D0C5E7F8B504460D46FFF704FFD8B900
:1047A0002B46224605F108061868083353F8041C06
:1047B0001546B34203C52A46F6D1186804F110071E
:1047C000286038469B88AB80257B667B07F08AF89B
:1047D00020B1012384F85C30012533E0012D4FF036
:1047E000010219490CBF4FF400034FF4801393FAF0
:1047F000A3F3B3FA83F3013B23624FF48073C4E95C
:104800000620C4E90B00C4E904123846636207F0CD
:104810001DF80028DDD12046FFF795FE0028D8D1ED
:1048200029462046FFF707FF0028D2D12046FFF790
:104830005DFF05460028CCD126B92046FFF72FFEA4
:104840000028C6D12846F8BD0050005238B5437B39
:1048500004468B4202D10025284638BD41730146EB
:10486000FFF798FF05460028F5D000232146204693
:104870006373022384F85C30FFF78CFFECE72DE9CB
:10488000F0418EB00446884615461F469DF850609C
:10489000FFF789FE58BB01212046FFF7D7FF30BB49
:1048A0004FF48073B5F5807F089006934FF00203B4
:1048B00028BF4FF48075059000934FF48063CDF8C6
:1048C000048007934FF4005303934FF08073CDE9B6
:1048D0000A50CDE90C0020460993FFF770FE50B155
:1048E00000212046FFF7B2FF012384F85C3001204D
:1048F0000EB0BDE8F08104F1100541F2883269463E
:10490000284607F000F80028EAD141F288323946FB
:10491000284607F03EF80028E2D141F288312046CF
:10492000FFF7E9FD0028DBD1002EE1D0014620464B
:10493000FFF78CFFDCE72DE9F74F11F0FF06074684
:10494000994621F070445FFA82F82AD1FF2A13D9E0
:1049500022F0FF05A3EB040B04EB050A54450BEB17
:10496000040314D1B8F1000F0AD00023424600938B
:1049700009EB050321462CE000962146FFF77FFF57
:104980000021384603B0BDE8F04FFFF75FBF214676
:104990004FF480723846009604F58074FFF76FFF7D
:1049A000DCE7FF2AC6F5807B4FF0000A16D8C34526
:1049B00011D2A8F580785A462146CDF800A0B0441F
:1049C000FFF75DFF09EB0B0304EB0B014246CDF84B
:1049D00000A03846D2E7CDF800A0CEE7A2F580755A
:1049E00021465A465C443544CB44CDF800A0EEB293
:1049F00025F0FF05ABEB0409FFF741FF04EB0508C9
:104A0000444509EB040307D1002EB9D000233246F8
:104A100000930BEB0503ADE721464FF48072384657
:104A2000CDF800A004F58074FFF729FFE8E730B562
:104A30004FF480738FB0012504460693D72301916C
:104A400000934FF4806307934FF4005303930023C4
:104A5000CDE908330593CDE90A53CDE90C33FFF7CF
:104A6000A2FD78B929462046FFF7F0FE50B920464E
:104A7000FFF7A5FD48B100212046FFF7E7FE01231F
:104A800084F85C3001200FB030BD41F288326946B5
:104A900004F1100006F037FF0028ECD141F2883114
:104AA0002046FFF728FD01460028E4D12046FFF705
:104AB000CDFEE8E7F8B521F47F640646174624F0FA
:104AC0000F04BC4201D300250DE024F070413046B4
:104AD000FFF7ADFF054640B100213046FFF7B6FEB7
:104AE000012386F85C302846F8BD04F58054E8E7D9
:104AF000183108B550F82100FFF71EFC08BD183129
:104B000050F82100FFF710BC024B03601846FFF776
:104B100041BE00BFA80D00240068FFF70CBF00686D
:104B2000FFF7C8BF21F0704000F11040704700004F
:104B30002DE9F0478CB004461422002100AF07F1A4
:104B40001C000EF09EFE22683A4B9A426ED13A4B00
:104B500000246E464FF00209D3F8D420A04642F458
:104B60008042C3F8D420D3F8D42002F480423A60C3
:104B70003A68D3F8E02042F04002C3F8E020D3F8CE
:104B8000E02002F040027A607A68D3F8E02042F038
:104B90002002C3F8E020D3F8E02002F02002BA603F
:104BA000BA68D3F8E02042F01002C3F8E020D3F84E
:104BB000E02002F01002FA60FA68D3F8E02042F038
:104BC0000202C3F8E020D3F8E03003F002033B61B7
:104BD0003B691A4B7B6140F609233B8307F11403C1
:104BE0009A4621461648FFF78AFF21460546144893
:104BF000FFF77EFF52460323013407F11C01C7F87B
:104C00002480BB6212F8013BC7E907092846924697
:104C1000FB6204F007FC062CE3D100225C20114665
:104C200003F03CFB5C2003F06BFBB5463037BD4620
:104C3000BDE8F08700500052004402580A0A0909F2
:104C4000A80D0024026838B5104B9A421CD1104AB6
:104C50000024D2F8D43023F48043C2F8D430214663
:104C60000C48FFF74CFF054621460A480134FFF780
:104C70003FFF0146284604F0BDFC062CEFD15C2026
:104C8000BDE8384003F04ABB38BD00BF00500052B9
:104C900000440258A80D0024014806F0F7BF00BFE9
:104CA000B80D0024074B9A1C1B665A661A1D9A669B
:104CB0009A1DDA6603F108021A6703F10A025A67BD
:104CC000704700BFA80D0024D1F800C0BCF1010F4F
:104CD0002DE9F043044685B00F464FF0000800F37D
:104CE0008A800E46C0F850820546C0E992880FCEF1
:104CF0000FC50FCE0FC5424B009303F580630193A0
:104D0000A3F57873029303F58063039304AB03EB7D
:104D10008C0C96E803005CF8103C85E80300A36265
:104D20005CF8083CC4F8C0303B69042B09D8DFE8C4
:104D300003F0033F424548004FF4FA53A364C4F81C
:104D4000E030BB693A6A002B3DD1003A18BF01221E
:104D5000C4E90B23FB697A6A002B3BD1003A18BFE8
:104D6000012204F12800C4E931237B69022B9FBF93
:104D7000244A12F80380244A12F803900023424682
:104D8000636449466363E365C4F8DC30C4F8CC303F
:104D9000C4F8F430C4E90F33C4E91533C4E935333A
:104DA000C4E93B33022309F03FF8D0B1FFBEFEE770
:104DB0004FF47A53C2E74FF4FA43BFE74BF6803320
:104DC000BCE7124BBAE7002A4FF0010314BF0322DD
:104DD0000222BDE7002A4FF0010314BF0322022282
:104DE000BFE702234246494604F1C00009F01CF81F
:104DF00010B1FFBEFEE7012005B0BDE8F08300BFA3
:104E00000458014013680108106801080077010088
:104E1000026838B561BB036A00F1280500F5AC747F
:104E2000013B18BF01239B01EAB91D4AC0F8582174
:104E300057224FF480514FF48070C4E901230023BE
:104E40004FF48062C4E903324FF480426362C4E9E4
:104E500005124FF40032C4E90702204603F0D8FCE3
:104E6000D0B1FFBEFEE70F4AC0F858215922E0E753
:104E7000436A00F1C00500F5E874013B18BF012347
:104E80009B0122B9084AC0F8D0215822D1E7074A2D
:104E9000C0F8D0215A22CCE7C5E92044A56338BD2B
:104EA00010000240580002402800024070000240FA
:104EB00010B4D0F854420B4664B1D0E99312D0F844
:104EC000480201EB830100EB8300234652085DF8A2
:104ED000044B18475DF8044B70472DE9F8439CB22A
:104EE000C0F850328369904607468946012B00F18D
:104EF000280500F1C006C0E99212089AC0F85422B1
:104F00001BD1036A2246012B0DD1284609F08EF8E9
:104F10007B6A2246012B0BD14946304609F086F8C0
:104F20000020BDE8F8834146284609F013F8EFE772
:104F30004146304609F00EF8F2E7436A2246012B5B
:104F400009D1304609F072F83B6A2246012B07D19D
:104F500049462846E2E74146304608F0FBFFF3E7C2
:104F600041462846E6E700000269042A9DBF044B3B
:104F700003EB820393ED000A9FED020A704700BF26
:104F8000FC67010800803B472DE9F043831D8BB08F
:104F900004460593031D069300F10803079300F1EF
:104FA0000A03089300F10C030993836963B3C5698D
:104FB000B5FA85F56D09012302220DF114080027C9
:104FC0004FF006090393CDE9012358F8046B2279C9
:104FD00033789A4204D161797278914200D16DB1EF
:104FE00022689AB1012A14D03046FFF7A5F9009043
:104FF0003046FFF799F9694604F014FA0137052F96
:10500000E3D10BB0BDE8F0830125D4E7CDF81090D3
:10501000EAE733B97378022B0CBF08230A23049301
:10502000E2E70A23FBE7000070B5036888B0434E4F
:105030000546B34202D0424A934231D1414C4248E4
:10504000D4F8E03043F01003C4F8E030D4F8E03096
:1050500003F010030093009BD4F8F03043F4800376
:10506000C4F8F030D4F8F03003F480030193019BCE
:10507000FFF78AFFD4F8D830296843F0010332489B
:10508000891BC4F8D830D4F8D83018BF012103F0F8
:1050900001030293029B08B0BDE87040FFF7B8BE61
:1050A0002A4EB34202D02A4A934245D1254C294880
:1050B000D4F8E03043F00103C4F8E030D4F8E03035
:1050C00003F001030393039BD4F8E03043F008039B
:1050D000C4F8E030D4F8E03003F008030493049BF4
:1050E000D4F8E03043F04003C4F8E030D4F8E030C6
:1050F00003F040030593059BD4F8F03043F400031C
:10510000C4F8F030D4F8F03003F400030693069BA3
:10511000FFF73AFFD4F8D830296843F001030D486F
:10512000891BC4F8D830D4F8D83018BF012103F057
:1051300001030793079BAEE708B070BD0458014018
:105140002458014000440258200E0024045C014011
:10515000245C01407C100024014803F08DBF00BF97
:10516000780F0024014803F087BF00BFF00F002430
:10517000014803F081BF00BFD4110024014803F0AF
:105180007BBF00BF4C12002403680D4A934202D03B
:105190002032934206D10B4B00211846C3F8581217
:1051A000FFF786BE084A934202D02032934206D1CE
:1051B0000448002100F51770C0F85812F0E7704756
:1051C00004580140200E0024045C014003680F4A8B
:1051D000934202D02032934207D10D48D0F85012AA
:1051E0004908C0F85812FFF763BE0A4A934202D03A
:1051F0002032934208D10648D0F8AC1400F517705D
:105200004908C0F85812EEE7704700BF0458014043
:10521000200E0024045C014010B402464FF41774C1
:105220000868044B04FB00305DF8044B1060FFF786
:105230004BBD00BF200E00240068704713B5049CCE
:1052400000940068FFF749FE002002B010BD00681E
:10525000FFF78ABE0368D3F8580270472DE9F04F74
:105260003B4C89B0A06303781BB1002009B0BDE8B6
:10527000F08F20204021374A4FF0020A06934FF06A
:105280000408E3624FF4805701254FF00309C4E995
:1052900005014FF4C07104EB0800CDF81490C4E987
:1052A0000123C4E9071307234FF400610822CDE965
:1052B00001A30A23C4E909170DEB08010793C4E908
:1052C0000352CDE9038208F065FF064600283CD171
:1052D0004FF0100B3A460DEB08010090049004EBE0
:1052E00008000195CDE902B508F07CFF642002F0CA
:1052F000C9F83A460DEB080104EB0800CDE901AB13
:10530000CDE9035608F06EFF3A460DEB080104EBB9
:105310000800CDE9019BCDE9038608F063FF40F268
:1053200032230DEB08013A46009304EB0800009B82
:1053300003950493CDE9018B08F054FF40F6060174
:1053400004EB080008F06DFF8FE728468EE700BFEA
:10535000DC120024404100522DE9F04300238FB0BD
:105360000B93624B1E68002E40F0BD800122022785
:1053700003250C241A6009A95D4B5E48D3F8D4209C
:10538000DFF8889142F48052C3F8D420D3F8D420B7
:1053900002F480520192019AD3F8E02042F0100208
:1053A000C3F8E020D3F8E02002F010020292029A43
:1053B000D3F8E02042F04002C3F8E020D3F8E02028
:1053C00002F040020392039AD3F8E02042F0080270
:1053D000C3F8E020D3F8E02002F008020492049A17
:1053E000D3F8E02042F48072C3F8E020D3F8E02044
:1053F00002F480720592059AD3F8E02042F0800210
:10540000C3F8E020D3F8E02002F080020692069A6A
:10541000D3F8E02042F02002C3F8E020D3F8E020E7
:1054200002F020020792079AD3F8E02042F004022B
:10543000C3F8E020D3F8E03003F004030893089B9E
:105440004FF68373CDE90C54CDE9093703F0EAFF39
:1054500048F2371309A928480D94CDE90937CDE959
:105460000B6503F0DFFF4CF2037309A923480D9489
:10547000CDE90937CDE90B6503F0D4FF40F2FF63B6
:1054800009A91F480D94CDE90937CDE90B6503F053
:10549000C9FF4FF60C7309A91A480D94CDE90937D5
:1054A000CDE90B6503F0BEFF4FF63F0309A916488F
:1054B0000D94CDE90937CDE90B6503F0B3FFD9F8B9
:1054C00038000130FEF730FF8046D9F8380001304F
:1054D000FEF732FF09A90D94CDE909074046CDE951
:1054E0000B6503F09FFF0FB0BDE8F083D8120024D6
:1054F000004402580010025800180258000C0258CC
:1055000000200258001C025800140258DC1200242B
:10551000B7EE007A10B4C7EE007A044610460022B7
:1055200021701946227300226073A260C4ED017AD3
:105530005DF8044B0DF0ECBD10B50446407B0DF05A
:1055400087FE237B22785B005BB26AB1C2B2B2FAFB
:1055500082F252091343DBB2A3F17F022373012AC3
:1055600004D80023A36010BD42B2F3E7FF2B01BFB4
:10557000D4ED027A94ED017A77EE877AC4ED027A5F
:10558000F1E700001FB502F0EFFE4FF04052124B62
:1055900001246846ADF80040CDE901234FF4807343
:1055A000039302F0FFFE002340F2011268468DF8DB
:1055B00001408DF80D308DF80A301923ADF80E201A
:1055C0008DF808304FF04043019302F0EBFE0420C9
:1055D00002F0D8FE04B010BD0E000103014800F037
:1055E0004DB800BF1813002401F04CBF08B507F0F8
:1055F000CFF8400008BD00F17843B3F5003F23D356
:10560000B0F5803F22D300F16043B3F5003F1FD3D4
:1056100000F15C43B3F5002F1CD300F17043B3F5E8
:10562000902F19D300F14843B3F5803F16D300F112
:105630008043B3F1806F13D300F1E040B0F5000F69
:1056400034BF0720082070470020704701207047B2
:1056500002207047032070470420704705207047E0
:1056600006207047014B9868FFF7C5BF00ED00E0CA
:10567000014B00221A6070471813002403689B68CE
:10568000586A7047028BC08A101A7047C28A034654
:10569000018B914283BF0169885C01324FF0FF307A
:1056A00088BFDA827047028BC38A9A4286BF02693A
:1056B000D05C4FF0FF307047806DD0F8DC302BB1FC
:1056C0000023D43020F8B23CC36818477047836881
:1056D00010B5044613B1032201469847204610BD79
:1056E00070B54FF47A730E46002115462C4A0446D5
:1056F000C0E90113034643F8C42B9C22C0F8C41030
:10570000C3E90111C0E93411C0E93611C0F8E01055
:1057100028300EF0B6F8F3B2202B19D8214A06F43F
:10572000E06652F823301E43EBB2C4F88460202BAD
:1057300022D81C4A05F4E06552F823301D430023AB
:105740002046C4F88850E36123842361A38270BD9E
:1057500006F0C002C02A0CD1CB2B0AD806F03F02BB
:10576000114B06F4E06653F822200E4B53F822301A
:10577000D9E74FF0FF36D7E705F0C002C02A0CD1B9
:10578000CB2B0AD805F03F02074B05F4E06553F830
:105790002220044B53F82230D0E74FF0FF35CEE7FC
:1057A00020680108447701081477010838B50446D9
:1057B000283000F065FBE06918B10DF03BFF0023D5
:1057C000E36100252069258410B10DF033FF2561C8
:1057D000A58238BD38B5084B0546044645F8D43B8C
:1057E000FFF7E4FF2846FFF772FF04F1C400FFF75C
:1057F0006EFF204638BD00BF2068010838B500F1B3
:1058000028050446284600F0B3FB94F8BE304BB997
:105810002846054900F098FC28460449BDE8384070
:1058200000F08BBC38BD00BFB956000875580008A1
:105830000123994080F82430002381764384704707
:105840000123994080F824300023817643847047F7
:1058500038B5838A05460C468B4209D22029006957
:1058600038BF202421460DF09BFF10B12861AC8287
:1058700038BDFEE773B5846D0546866ED4F8CC302E
:10588000E3B1E28A238B9A4218D331462046FFF7D0
:10589000DFFF324605F1740120690EF03FF8002366
:1058A0002683E382D4F8CC3001960BB910F01EFBAE
:1058B000D4F8D03001A904F1C400984702B070BDFB
:1058C000B1F5806F70B505460C4610D8038C99422F
:1058D0000AD920290E46C06938BF202631460DF06E
:1058E0005FFF18B1E8612E84204670BDFEE70024FA
:1058F000FAE713B590F8243004468DF807107BB111
:10590000418C0131FFF7DCFF40B1638C01209DF831
:105910000710E269D154638C0133638402B010BD77
:1059200001220DF10701283000F036FBB0FA80F0BB
:105930004009F3E770B590F8243004460E4615464A
:1059400093B1418C1144FFF7BBFF10B900252846E5
:1059500070BD638C2A46E069314618440DF0DEFFC5
:10596000638C2B446384F2E792B2283000F014FB7E
:105970000028EBD1EBE70346006918B19A8A0021B1
:105980000DF07FBF70470346C06918B11A8C002123
:105990000DF077BF704738B50446C9B9AA23A3658F
:1059A00094F8BE30012B16D1638C04F12800E26913
:1059B000A17E00F071FB042828BF0420C5B2204658
:1059C000FFF7E1FF0023638484F82430284638BDC4
:1059D0004FF42A43E3E70425F8E72DE9F04790F870
:1059E000BEA004460F461546BAF1010F98469DF831
:1059F00020609DF8249039D17F001146FFF728FFE1
:105A0000FFB286B1032E4FF0000384F824A028BF14
:105A10000326A7766384013EF6B2FF2E1AD1002139
:105A20002046FFF7B8FFB9F1000F1CD1AA23A365E8
:105A300039462B46226904F128002E4600F0C6FAAA
:105A400000239842E3821CBF1D462E46284626832B
:105A5000BDE8F087F1002368204628FA01F11B68B1
:105A6000C9B29847D7E74FF42A43E0E70020EFE7B1
:105A700007B5019300230093FFF7AFFF03B05DF874
:105A800004FB0123D2B2C9B2FFF7F2BF0121FFF735
:105A900082BF38B500250446C5820583FFF76BFF3A
:105AA00020466584FFF76FFF38BD00002DE9F04107
:105AB0000446D0F884000DF069FA00210DF028FBAF
:105AC000D4F88430C3F303120A2A44D8264D03F0D5
:105AD0000F03264F55F8222057F8233012699343BD
:105AE0003FD0D4F888000DF051FA01210DF010FBE1
:105AF0001F4BD4F888001B681E4CC0F3031100F044
:105B00000F02B3FBF4F30A24A14204FB03F325D8EC
:105B100057F822701426184A4FEA074E55F821C04C
:105B2000CCF818E0D2F804805468A4EB0804A3422F
:105B3000FADCCCF81870D2F804C05468A4EB0C045A
:105B4000A342FADC013EE9D10DF020FA3146BDE86E
:105B5000F0410DF0DDBA00231B69FFDE00239B61DD
:105B6000FBE7BDE8F08100BF0C010024747101085F
:105B70006401002440420F00001000E02DE9F041D4
:105B8000002504461F460E46C58290460583FFF752
:105B9000F2FE20466584A576FFF7F5FED4F8DC30EA
:105BA000C4F8804033B104F1D40103220846984779
:105BB000C4E937550023012E84F8BF8084F82430CF
:105BC0004FEA460384F8C07084F825300CBF0123E7
:105BD000002384F8BE3002D12046FFF767FF04F1AE
:105BE000280594F825200949284600F047F894F83C
:105BF000BE304BB92846064900F0A6FA28460549AA
:105C0000BDE8F04100F099BABDE8F081A08601003E
:105C1000B9560008755800080A4600230121FFF70D
:105C2000ADBF00000B220C210148FFF759BD00BF9A
:105C30001C1300240148FFF7CDBD00BF1C13002436
:105C4000084B0246984208D9074B984207D90749A2
:105C500007488A4288BF00207047064870470648B8
:105C6000704700BFA0860100801A060040420F0066
:105C70001A0980108A62E0303211D020F0B50E4649
:105C800085B015460446002800F0DF807049C06DDD
:105C90000AF098FE07466F49206E0AF093FE01460F
:105CA000002F00F0D280002800F0CF8038460AF0A4
:105CB000B0FE2060002800F0C880674B271D984286
:105CC0005AD1664BD3F8E82042F40012C3F8E8201A
:105CD000D3F8E82002F400120092009AD3F8902042
:105CE00042F40012C3F89020D3F8902022F400125E
:105CF000C3F890205A4B63665A4B1F605549206E7B
:105D00000AF048FE5249E06D0AF044FE236830462E
:105D10006360FFF795FF01230221C4E90205002516
:105D2000B4F96400C4E9043594F897302A46A561B3
:105D30005B1B84F8455018BF0123DB04236294F8F1
:105D400098305B1B18BF01235B04636202F0A6FA64
:105D5000B4F9640002F0D4FA2A460221B4F96600CC
:105D600002F09CFAB4F9660002F0CAFA384603F071
:105D700046FE002865D0FEE73B4B98421DD1374BCD
:105D8000D3F8E82042F48002C3F8E820D3F8E820F2
:105D900002F480020192019AD3F8902042F480022A
:105DA000C3F89020D3F8902022F48002C3F890200A
:105DB0002E4B63662B4B5F60A0E72D4B98421DD1A5
:105DC000264BD3F8E82042F40002C3F8E820D3F8C9
:105DD000E82002F400020292029AD3F8902042F4E2
:105DE0000002C3F89020D3F8902022F40002C3F8F8
:105DF0009020204B63661B4B9F607FE71E4B9842B1
:105E00007FF47CAF03F50A33D3F8F42042F080022C
:105E1000C3F8F420D3F8F42002F080020392039A2E
:105E2000D3F89C2042F08002C3F89C20D3F89C2039
:105E300022F08002C3F89C20104B6366094BDF60A0
:105E40005CE70223A06684F8953005B0F0BD00BF82
:105E5000646701081C6701080054004000440258B0
:105E60001F002000001400240058004021002200E0
:105E7000005C004048004900001C00585F006000C2
:105E800010B50446B0F9640002F048FAB4F96600AF
:105E900002F044FA201D03F008FE0321206E0AF0F0
:105EA000E7FC0321E06D0AF0E3FC23682B4A9342F0
:105EB00013D12B4BD3F8902042F40012C3F890205A
:105EC000D3F8902022F40012C3F89020D3F8E820F1
:105ED00022F40012C3F8E82010BD224A934211D1E7
:105EE0001F4BD3F8902042F48002C3F89020D3F8DF
:105EF000902022F48002C3F89020D3F8E82022F406
:105F00008002E7E7184A934211D1154BD3F890204D
:105F100042F40002C3F89020D3F8902022F400024B
:105F2000C3F89020D3F8E82022F40002D2E70F4A09
:105F30009342D1D10A4BD3F89C2042F08002C3F89F
:105F40009C20D3F89C2022F08002C3F89C20D3F838
:105F5000F42022F08002C3F8F420BDE70054004092
:105F60000044025800580040005C0040001C0058EB
:105F700010B504460846FFF763FE6268136823F015
:105F800001031360A060201D03F039FD62681368EF
:105F900043F00103136010BD202A30B514D800234C
:105FA0009CB2A24207D890F894301344DBB280F838
:105FB0009430002030BD90F89440CD5C1C440133F7
:105FC000044484F87450EBE70120F3E72DE9F3472C
:105FD00005460F4690469946002401F04DFA0435D7
:105FE000D5F82CA006464B46424639462846CDF801
:105FF00000A003F065FE022806D101F03DFA841BE3
:10600000642CF0D906201FE008BB01F035FA0646E3
:10601000284604F0A9FD202809D0632C07D801F0F8
:106020002BFA841B284604F0A2FD0028F0D0284655
:1060300004F09DFD632C0CD882060AD443070AD4D1
:10604000003818BF0120800002B0BDE8F0870420AE
:10605000FAE70520F8E70320F6E710B564230446C5
:10606000043003F03BFD022810D0032806D090B185
:1060700094F84530202B18BF042004E094F84530F4
:10608000202B18BF052008BF022004E094F84530FB
:10609000202B18BF062010BD2DE9F3471F460446EC
:1060A0000E46914601F0E8F980463FB9012231469B
:1060B000204602B0BDE8F047FFF7CFBFD4F830A0CC
:1060C000002504343B464A4631462046CDF800A020
:1060D00003F08CFD022807D101F0CEF9A0EB0805F2
:1060E000642DEFD906201FE008BB01F0C5F9064674
:1060F000204604F039FD202809D0632D07D801F08F
:10610000BBF9851B204604F032FD0028F0D0204664
:1061100004F02DFD632D0CD882060AD443070AD45F
:10612000003818BF0120800002B0BDE8F0870420CD
:10613000FAE70520F8E70320F6E720B119B1C166B8
:10614000043003F0D3BE704720B119B101670430A9
:1061500003F0CCBE704770B590F8913004460E46FF
:10616000051F012B09D1436E3BB1836E284698472A
:10617000022384F8913000236366012E4FF0000360
:1061800012D1E26E84F891301AB1284684F890302A
:10619000904794F8902004F1700120464FF000736E
:1061A000BDE8704003F0DEBD0122636620464FF07B
:1061B000807384F89120616E74312944BDE8704089
:1061C00003F032BE10B590F891300446012B04D193
:1061D000436E13B1836E043898470223204684F837
:1061E000913000236366BDE8104003F07FBE436E2C
:1061F0001F2B02DC436E0133436690F89130012B74
:10620000DAB206D1416E4FF080737031014403F071
:106210000BBE7047002380F89030704790F89230A2
:106220000BB903F063BE7047014B186803F072BEF0
:1062300000140024014B186804F005BA001400246F
:10624000014B586803F066BE00140024014B5868E7
:1062500004F0F9B900140024014B986803F05ABE09
:1062600000140024014B986804F0EDB900140024D8
:10627000054B10B5DC68204603F04CFE2046BDE817
:10628000104004F0E0B900BF00140024014BD868AE
:1062900004F0D9B9001400242D2970B50446154620
:1062A00009D8272974D92939042917D8DFE801F03A
:1062B0003B2A2A2C3F00A1F14C03012B48D93F294E
:1062C00066D901F03F03C21892F82C60FF2E19D056
:1062D00011F0300F4FD12946304645E02B340023D2
:1062E00014F8010F5D1CFF2809D00F2B04D80121E1
:1062F0000CF00EFFEBB2F3E702210CF009FFEBB25A
:10630000162BEDD1012070BD224B002D22491B68B8
:10631000224A4868B3FBF2F308BF00234A68121A06
:106320009342FBDCEEE710460CF0D0FFEAE7194B96
:10633000022A1A4C1B688CBF022205221649B3FBA5
:10634000F4F3486853434A68121A9342FBDCD9E7D6
:1063500001F03F010C4494F82C0042B901210CF0EB
:10636000D7FE294694F82C000CF03CFFCAE7022126
:106370000CF0CEFEC6E7102B01D10CF0B1FD30467B
:106380000CF066FF003818BF012084F82700B9E739
:106390000020B8E764010024001000E040420F0034
:1063A00000F0AEBD80F8381080F8392080F8373022
:1063B00070472DE9F743BDF828501F46CB1880469B
:1063C00015440E469BB21446ADB2009500F003FC96
:1063D00018B14FF00009A54202D103B0BDE8F08327
:1063E000224601343B4631464046CDF80090A4B2E7
:1063F00000F072FBEFE703682DE9F743044690F8DD
:10640000509090F85170002693F811802368F5B2EF
:10641000E06C57FA86F21B7C0135D2B213FB06F111
:10642000EDB2C90089B2084400210090204600F076
:1064300050FFA94504D90136BB19DBB29845E5D810
:1064400003B0BDE8F083036800211A7C90F8503057
:10645000C06C5A43D2000DF014BA10B50446FFF7D1
:10646000CAFF2046BDE8104000F067BF836C10B53E
:10647000044680F851101B689847A36C20465B685F
:10648000BDE81040184710B590F8AB3004460BB18A
:10649000FFF7D9FF20460021BDE81040FFF7E6BF17
:1064A00038B50446FFF7A7FF94F8503094F85150E0
:1064B0001D442368EDB25B7CAB4204D8204600F05B
:1064C0003CFF002038BD94F8AB3013B12046FFF7F5
:1064D000BAFF20462946FFF7C9FF0120F2E710B5B1
:1064E0000446FFF7D0FF2046FFF7DAFF01460028F9
:1064F000F9D12046BDE81040FFF7B8BF082303706C
:10650000004870471014002430B585B004460D468D
:10651000094900931346094A00F03AFF0DF10F00B4
:10652000FFF7ECFF064B01469DF80F202046009533
:1065300000F028FC05B030BD31720008A9700008D9
:10654000076C0008405A40BA80B27047002070477C
:1065500008B50A4609780346017051784170917870
:106560008170D178C170117901715179417191793E
:106570008171D179C171117A0172517A4172917A26
:106580008172D17AC172117B0173517B4173917B0E
:106590008173D17BC173117C017411211046FFF707
:1065A000D1FF132158821046FFF7CCFF15219882A6
:1065B0001046FFF7C7FFD88208BD70B5047B03689B
:1065C00062181D78D2B22541072A07D8EBB20273B0
:1065D0004FF0FF30884023EA000070BD5E1CC4F11C
:1065E0000804083AE4B206605B78D2B2A3402B43B9
:1065F000DBB2ECE738B5002300F17805044681678B
:1066000080F8843090F890102846FFF7D6FF94F871
:10661000911084F882002846FFF7CFFF94F8AA3043
:1066200084F8830084F88630B3FA83F35B0984F836
:10663000873038BD10B54C1EFFF7BFFF0123E4B211
:10664000A340C01A40B210BD012B05D0022B05D0CB
:1066500033B9104480B270470844FBE7801AF9E769
:10666000401AF7E7012B05D0022B05D033B90844B7
:1066700080B27047801AFBE7401AF9E71044F7E749
:106680002DE9F04F044687B00E4690F8805090F800
:106690008170059294F882A04FFA87F9B4F87E30A1
:1066A00069B2AAEB05084A460493B3465FFA88F834
:1066B00094F88830B4F87C00464528BFC346FFF7FD
:1066C000D1FF03900498FFF7BFFF05990246A1B1DF
:1066D00094F8861084F8AA10204600935B4603992C
:1066E00000F0FAF935444645EDB20DD3A5EB0A05A5
:1066F0000137EEB20025FFB2CCE794F885100029EF
:10670000F0D194F88710E5E784F8805084F8819000
:1067100007B0BDE8F08F2DE9F347044600F1780893
:10672000FFF768FF94F89210404694F98370FFF7E2
:1067300081FF94F8931082464046FFF77BFF94F860
:10674000941006464046FFF775FF94F98250814643
:10675000002D4ADDBA1994F888305146B4F87C000F
:10676000524252B2FFF77EFFA4F87C000646B4F80E
:106770007E00FFF769FF0246A4F87E00032B57D87E
:10678000DFE803F00237404D3544C119ABB289B29E
:1067900000912046314600F01EFA30B30023A4F8E1
:1067A000803094F88E104046FFF707FF94F88F1062
:1067B00006464046FFF701FF0546002231462046C7
:1067C000FFF75EFF294620460122FFF759FF01210E
:1067D0004046FFF7F2FE0028EFD194F98130BB422A
:1067E000DFDB94F8863084F8AA30484602B0BDE872
:1067F000F087C7F10100731C511930449BB289B274
:1068000086B2C5E7C5F10105C7F10100731C511C33
:10681000354410449BB289B282B2AEB2B8E7C5F13A
:106820000105F319411C05449BB289B2AAB2AFE736
:1068300001463346ACE7036FFF290A4603F117030D
:1068400010B512D8602909D9B0F8A0100B445878B7
:1068500018B11978914206D1981C10BD4029F6D97B
:10686000B0F89E10F2E70344F1E7B0F8A2100B4431
:106870001C4600212046FFF765FE02210344204606
:10688000FFF760FE824204F10404F2D8188841BA8E
:1068900089B20028E1D08A4201D1D81CDDE799787D
:1068A0000B44F3E738B50446FFF7C5FF0146B8B11E
:1068B00004F178052046FFF79DFE94F892102846D3
:1068C000FFF7B8FE94F8931084F8A8002846FFF765
:1068D000B1FE94F894102846BDE83840FFF7AABEF0
:1068E00038BD2DE9F047884600256FF03F074FF689
:1068F000FF7908F1FF382C464FF6FE7A80F8825077
:10690000064600F068FA18F8011F30467368984789
:10691000484501460DD05045F5D03046FFF7C2FF3F
:1069200017F1400F85B208BF96F9A8702C44A4B2A5
:10693000E9E796F9822052B196F9A830002F134466
:106940002344A3EB05039CB2C4BF3F19BCB220464D
:10695000BDE8F087F8B51F4690F8883004460E462B
:106960001546032B07D8DFE803F002151A1E436F04
:106970009847284485B239462046A4F87C60A4F89C
:106980007E50FFF758FF014618B12046FFF7C3FEBF
:1069900080B2F8BD436F9847301A86B2EBE7436F79
:1069A0009847281AE6E7436F98473044F5E72DE902
:1069B000F0471E464FF0000A4FF6FF784FF6FE797B
:1069C000013E07460C46154600F005FA7B6838463E
:1069D00016F8011F9847404503461BD04845F5D09F
:1069E0002A4621463846FFF7B5FF97F88830032B33
:1069F00005D8DFE803F002080B0D0444A4B25044AC
:106A00001FFA80FAE2E70544ADB2F8E7241AF5E789
:106A10002D1AF9E75046BDE8F087000010B4034C8A
:106A200044605DF8044BFFF7C2BF00BFC76D0008AC
:106A3000036F10B5CBB190F9994090F99A1090F886
:106A4000A53080F8A64080F8A71073B1012B0DD1B6
:106A500090F99B30A342B8BF234680F8A63090F946
:106A60009C30994201DD80F8A73010BD90F9982044
:106A700090F9963013449C42B8BF80F8A6309142FA
:106A8000C8BF80F8A720F0E7014B4367704700BFFD
:106A90004D650008026F8A4210B5044608D00167B0
:106AA0008C30FFF755FD2046BDE81040FFF7C0BF12
:106AB00010BD0000014B4360FFF713BFC76D000816
:106AC00070B4B0F856609DF80C50921B446C03955E
:106AD000A44692B270BC604770B490F8A4509DF880
:106AE0000C40002D5CD0002B5AD0012B52D0022C30
:106AF00029D10131C91A89B2B0F8644094424FD803
:106B0000B0F8664094424BD90B44B0F86060B0F8DE
:106B100062509CB28C4241D28D423ED96C1EA4B2CE
:106B2000A6423DD2B14238BF3146A54294BFC1EB27
:106B30000503C1EB040300249BB2856C0394AC688D
:106B4000A44670BC6047032C24D10132D21A92B201
:106B5000B0F860408C4223D8B0F862408C421FD914
:106B60001344B0F86460B0F866509CB294421AD2F4
:106B7000954217D96C1EA4B2A64211D2B24238BFB8
:106B80003246A54294BFC2EB0503C2EB04030124C5
:106B90009BB2D2E7E407DBD4AEE731468D42BFD8E3
:106BA00070BC704732469542E6D8F9E7032928BF02
:106BB000012180F8AA1070478A4206D2834208D881
:106BC0009A4294BF0020012070478342F8D80020E9
:106BD00070470120704770B504460D461E46B0F858
:106BE0006610BDF81030B0F86400FFF7E5FF48B15B
:106BF00033462A46B4F86210B4F86000BDE870402D
:106C0000FFF7DABF70BDF0B58C4602F0070601242D
:106C100090F8AA109DF81470B4400129E4B218D875
:106C2000254600D1002422F00702016892B2097CB7
:106C300011FB02F1C26C89B2614411445FB90A7858
:106C4000013B2A439BB2624001F8012B002BF6D195
:106C5000F0BD0025E7E70A780136013B2A4316F02C
:106C600007069BB282EA04020A700BD1B0F85220E8
:106C7000114490F8AA20012A09D80AD11546002B00
:106C8000E9D1E5E76D006400EDB2E4B2F7E7012475
:106C9000F5E701242546F2E790F850100268CB0092
:106CA00070B5A0F85430137C90F85150DB004E19A9
:106CB000A0F85230EB00A0F85630547CA0F85830C1
:106CC000A642C4BF641BA1B203EBC103A0F85A30B3
:106CD000938AA0F85C30D38AA0F85E3070BDFFF7CD
:106CE000DBBF10B49DF8044001945DF8044BFFF73E
:106CF000E7BEB0F86E3013B500930446B0F86A30C2
:106D0000B0F86C20B0F86810FFF765FF18B984F888
:106D1000A40002B010BD0123B4F8602084F8A430B0
:106D2000B4F868309A42B4F8622038BFA4F86030F2
:106D3000B4F86A309A42B4F8642088BFA4F862308C
:106D4000B4F86C309A42B4F8662038BFA4F86430C6
:106D5000B4F86E309A4288BFA4F86630D9E70022B2
:106D6000A0F86020B0F85C20A0F86220826D426636
:106D7000FFF7BFBF024A836CC0E91A225B6818475D
:106D80000000FFFF70B5049E0025436440F201132C
:106D9000044680F85020C16480F8515080F8855036
:106DA00080F8A55080F8A950A0F8AA30056733688C
:106DB000866498472046FFF7DDFF2046FFF764FE14
:106DC00084F8885070BD4FF6FF7019B10A2918BFBA
:106DD000084670477047002380F8263070470368E4
:106DE0002D215A7B00F0B2BA10B5044601224C2185
:106DF00000F0ACFA2046BDE81040FFF7F0BF0122DA
:106E00004D2100F0A3BA10B50A46044671B1FFF750
:106E1000F6FF2046FFF7E3FF2046FFF7E5FF204699
:106E200000224C21BDE8104000F090BA4D2100F046
:106E30008DFAEEE738B504460D4601F08001FFF704
:106E4000E2FF05F040012046FFF7DDFF05F02001DD
:106E50002046FFF7D8FF05F010012046FFF7D3FFCB
:106E600005F008012046FFF7CEFF05F0040120469B
:106E7000FFF7C9FF05F002012046FFF7C4FF05F048
:106E800001012046FFF7BFFF2046FFF7B8FF20466D
:106E9000FFF7A5FF2046FFF7A7FF2046FFF7AFFF4C
:106EA0002046FFF79CFF204600224C21BDE83840D9
:106EB00000F04CBA10B4046913460A461721A446E0
:106EC0005DF8044B604707B58DF807100DF1070218
:106ED0000121FFF7EFFF03B05DF804FB10B40023BE
:106EE00004691821A4461A465DF8044B604710B4A3
:106EF000002304691921A4461A465DF8044B604733
:106F0000143970B504461D460C2958D8DFE801F045
:106F1000125757071F435757575757570A00AE186E
:106F2000B54201D1012070BD15F8011B2046FFF7C5
:106F300081FFF5E701224C2100F008FA20460122EA
:106F40004D2100F003FA2046FFF749FFEAE790F8E9
:106F500025303BB1FFF753FF2046FFF740FF2046A7
:106F6000FFF742FF2046FFF74AFF00224D2120464F
:106F700000F0ECF92046FFF732FF204600224C21BA
:106F800000F0E4F9012394F82410204684F8253019
:106F9000FFF750FFC6E700224D2100F0D7F9204649
:106FA000FFF71DFF2046FFF71FFF2046FFF727FFD3
:106FB0002046FFF714FF002384F82530B2E70020B5
:106FC000B1E7F8B5044616460D46FFF787FF4021A6
:106FD0002046FFF778FF276933462A4620461721C7
:106FE000B8472046BDE8F840FFF781BF10B4C46839
:106FF0000A4600231521A4465DF8044B604710B4EF
:10700000C4680A4600231621A4465DF8044B604775
:1070100010B4C46813460A461721A4465DF8044B11
:10702000604710B40023C4681821A4461A465DF8CE
:10703000044B604710B40023C4681921A4461A46C3
:107040005DF8044B604773B505460C462178192955
:1070500006D8172921D816D014290BD802B070BD34
:10706000FE29FBD16278292128468DF8072000F0FF
:107070006DF906E062780023EE6828468DF8072057
:10708000B0470234E2E763780DF107020121284698
:107090008DF80730FFF7BCFFF3E70023EE682846C2
:1070A00001341A46B047D1E714392DE9F0410446BE
:1070B00015461E4605294ED8DFE801F03303181C9B
:1070C0004145264E33780BB1FFF711FF2046FFF7FD
:1070D00005FF00212046FFF7F6FE29462046FFF770
:1070E000F2FE012333700120BDE8F0811146FFF765
:1070F000EAFEF8E7194F3B780BB1FFF7F8FE182DC1
:10710000324606D829462046FFF75BFF00233B7036
:10711000E9E7183D182120461836EDB2FFF751FF78
:10712000EDE790F8243014210769FF2BBC4604BF1B
:10713000782380F824303346BDE8F0416047074BA0
:1071400000221A70CFE7054D2B780BB1FFF7CFFE69
:1071500000232B70C7E70020C6E700BF10180024EB
:107160000B39F8B5044615461E46042955D8DFE804
:1071700001F003540C1B29002AB929492046FFF7C6
:1071800062FF0120F8BD2749F8E73AB92649FFF721
:107190005AFF23689B7C84F82230F2E72349FFF7EB
:1071A00052FF2368DB7CF6E7FFF73BFF8121204697
:1071B000FFF71CFF29462046FFF721FF2046FFF777
:1071C00039FFDEE7FFF72DFF737994F82270402135
:1071D000204607EBC307FFF709FF204607F0FF072C
:1071E000390941F01001FFF701FF07F00F012046B8
:1071F000FFF705FFB179204641F0B001FFF7FFFE30
:107200003179013D32682046C90001F0F801FFF7ED
:10721000FFFE15F0FF05F3D1D0E70020B2E700BF75
:10722000D3700108CE700108C7700108C070010852
:1072300038B504460D46FFF793FF50B9092D0AD023
:107240000A2D07D1204600F014F805492046FFF723
:10725000FAFE012038BD0349204600F005F8F8E7A2
:10726000D8700108A870010801608B7C80F822307A
:10727000704738B500234569282104461A46A847B7
:107280000023E56814211A462046A847204601221B
:107290004B2100F05BF82368204629211A7900F081
:1072A00055F8204600224B2100F050F82368204674
:1072B00029211A7900F04AF8204601224B2100F0DA
:1072C00045F82368204629215A79BDE8384000F066
:1072D0003DB813B58DF80430049B8DF805100F21CF
:1072E0008DF80620012200936B468468A04702B007
:1072F00010BD10B4002384680921A4461A465DF825
:10730000044B604710B4002384680A21A4461A463F
:107310005DF8044B604710B484680A4600230B21D3
:10732000A4465DF8044B604710B484680A46002305
:107330000E21A4465DF8044B604710B40023846816
:107340001021A4461A465DF8044B604710B4446906
:107350000023A4465DF8044B6047002070470000FE
:1073600000230A4AFF21036080F8233080F826308A
:10737000836180F8241080F82810C0E90222C0E957
:10738000042216222C300CF07CBA00BF5B7300087C
:107390002DE9F041DDF8188004460F4616461D46DB
:1073A000FFF7DEFF2046C4E90276C4E90458BDE8D1
:1073B000F041FFF79EBF704738B50F4B05461A786E
:1073C0000AB9012038BD4FF47A73B3FBF2F30B4ACC
:1073D0001068B0FBF3F000F0B3FF04460028F0D1D2
:1073E0000F2DEED8024629464FF0FF3000F056FF31
:1073F000034B20461D60E5E70101002464010024E1
:107400000401002410B5032000F036FF04F0D6FF7D
:107410000F49104A8B69C3F30323D35C03F01F03A6
:10742000D8408B6903F00F03D35C0B4A03F01F03B2
:1074300020FA03F31360094B18600020FFF7BCFF2C
:10744000044618B9FFF7B7FF204610BD0124FBE73B
:1074500000440258DC71010860010024640100242A
:10746000034A044B11681B780B441360704700BF3C
:107470001418002401010024014B1868704700BF54
:107480001418002438B50446FFF7F6FF0546631CC0
:107490001EBF044B1B78E418FFF7EEFF431BA3420B
:1074A000FAD338BD01010024014B1868000C704765
:1074B0000010005C806800F0010070478068C0F335
:1074C000800070470368414A93422DE9F041044629
:1074D0000E461CD03E4802F540723E49834218BF1A
:1074E0000A4625699768082D07F01F0722D040F249
:1074F0002122FA40D1070CD5DB6813F0010F18D018
:10750000636D012043F020036365BDE8F081324ADA
:10751000E7E72E4A93420AD02D4802F540722D49E2
:10752000834218BF0A46936813F4404FE7E72A4A9C
:10753000F9E70425FFF7A0FF804623681A682A426E
:1075400025D0626D42F400726265DA6812F4406F11
:107550000FD1627D6AB91A6816070AD5626D22F4E6
:1075600080726265626DD00403D4626D42F00102E4
:107570006265174A934204D140F22122FA40D107B2
:107580001BD5DA68082D1BD11D600020BDE7721CD9
:10759000D4D0FFF771FFA0EB0800B04201D8002E55
:1075A000CBD123681B682B40C7D1626D032084F8C0
:1075B000503042F004026265A7E7044AD268E1E76E
:1075C0005204E2D40C221A60DFE700BF0020024020
:1075D0000021024000630258002302400368186C37
:1075E000704700000023F7B50193054690F850302E
:1075F000012B00F0EA810124036880F8504018460E
:10760000FFF75CFF002840F0DA810A68002A4FEAA1
:10761000926007DBC2F31306002E76D18440DA694C
:107620002243DA614C6803F1300C1F2700F01F0081
:10763000A60904F01F0406F00C06A740A0405CF861
:10764000062022EA0702024318464CF80620FFF7FC
:1076500035FF9A6802F0080202434BD1086803F133
:1076600014070726C40DC0F3045004F00404864038
:107670003A5922EA06028E68864032433A51A24ABB
:107680004869126802F07042B2F1805FDA6844D152
:10769000C2F3820252000F6990400C68042F44D05C
:1076A00003F1600604F0F84456F8272002F0004287
:1076B0002243024346F82720487E0C69471E56F8AD
:1076C0002420784222F00042784142EAC07246F813
:1076D00024200A7E0C6902F1FF3C186904F01F04A3
:1076E000DCF1000220F4F04042EB0C02D202A24096
:1076F00002431A611846FFF7DDFE00283CD0002047
:10770000002385F8503003B0F0BD92FAA2F20AB11E
:10771000B2FA82F20124944081E712F0100FDA6885
:10772000B6D0520802F00802B5E71A6EA00602F0C1
:10773000F842B2EB846F03D11A6E22F000421A664F
:107740005A6E02F0F842904203D15A6E22F0004283
:107750005A669A6E02F0F842904203D19A6E22F075
:1077600000429A66DA6E02F0F8429042C2D1DA6EB6
:1077700022F00042DA66BDE70C68C868D3F8C02082
:10778000C4F3130100F0180622EA01025F49F14038
:1077900021400A43C3F8C0205D4A90425BD15D4A54
:1077A000934227D15C4A94426AD05C4A944269D0A1
:1077B0005B4A944268D05B4A944267D002F1866289
:1077C0001032944264D0584A944202F1042202F5E5
:1077D000401235D0944232D002F1866202F5006246
:1077E00094422AD0514A944248D0514A944253D1AB
:1077F000504A25E0504A93424ED1474A94423FD0E6
:10780000464A94423ED0464A94423DD0454A94422C
:107810003CD002F186621032944239D0424A9442FE
:1078200038D002F1042202F54012944202F186623D
:1078300002F5006204D09442D7D1404A00E0404AA9
:1078400092FAA2F20AB1B2FA82F2012101FA02F22C
:10785000D9690A43DA61002CBFF651AF2D4A934231
:107860001CD1D2F808132B48FFF724FE02463248F9
:10787000FFF720FE024382F001021CE0314ADFE7FD
:107880000122DDE7304ADBE7304AD9E7304AD7E763
:10789000304AD5E7304AD3E70122D9E7264A934256
:1078A00002D1D2F80812DEE72C4A2D489168FFF782
:1078B00001FE80F0010202F00102002A7FD0294877
:1078C00001F0E072844253D10C023FF518AF244915
:1078D0008B427FF414AFD1F8083323F0E0731343E5
:1078E000214A43F40003C1F80833204B1B68B3FB63
:1078F000F2F301335B000193019B002B3FF4FFAED9
:10790000019B013BF7E700BF0010005CFFFF0F0089
:107910000000FF470020024002003004040060081D
:107920000800900C1000C0100004002A0000214341
:107930000000844B0000B84F002102400020903628
:107940000010603200005247400020198000501D96
:10795000000180210002B0250008302E006302588B
:1079600000600258000084CB400D03006401002435
:107970001748844210D1C8013FF5C1AE15498B426A
:107980007FF4BDAED1F8083323F0E073134343F026
:107990008073C1F80833B2E60F4884427FF4AFAE7B
:1079A00049023FF5ACAE0B498B427FF4A8AED1F84B
:1079B000083323F0E073134343F48003E9E76B6D6E
:1079C000012043F020036B659AE602209BE600BF8E
:1079D000000052C7006002580000B8CF406D7047E9
:1079E000036870B504461846FFF768FD9A6802F010
:1079F0000802024301D1002070BDDA6892013AD535
:107A0000A08A40F20112904235D1274A19684E06E9
:107A100025D5402201211A601846FFF74FFD50B1CD
:107A20009A68950707D49A6822F0004222F03F0234
:107A300042F010029A6001291FD10425FFF71CFDB6
:107A4000064623689B682B42D5D0FFF715FD801BA7
:107A50000528F6D923689B682B42F2D001E0013A51
:107A6000D4D1636D012043F010036365A36D43F02F
:107A70000103A365C0E70229CED19A6810070AD591
:107A80009A68920707D49A6822F0004222F03F02D7
:107A900042F020029A60022903D00329CDD10C259F
:107AA000CCE70825CAE700BF01DC0C00026870B50E
:107AB00004461046FFF7FEFC08B1002070BD916837
:107AC000204B194209D0636D012043F01003636518
:107AD000A36D43F00103A365F0E7936823F000432F
:107AE00023F03F0343F001039360FFF7C5FC2368D5
:107AF000154A064693420CD002F58072934202D09A
:107B0000124B9B6803E0124B9B68D906D5D1114DEF
:107B100013E00F4BF5E71046FFF7CCFC20B9936854
:107B20002B4043F001039360FFF7A6FC801B022863
:107B300003D923681B68DA07C5D522681368DB07F9
:107B4000E9D5BAE73F0000800020024000630258F8
:107B500000230240C0FFFF7F3A4B70B50446006827
:107B6000984255D0384903F54073384A884218BFC7
:107B700013469E68FFF7A2FC054600285FD194F8E3
:107B80005030012B5BD00123204684F85030FFF7A2
:107B90008DFF002850D1636D06F01F012A4A23F49F
:107BA000706323F0010343F4807363652368934299
:107BB00030D189BBA2F58072656D25F480156565AD
:107BC000656D15F4805502D0A56D25F00605A565F7
:107BD0001C2593421D604FF0000584F8505005D0DD
:107BE00040F2212525FA01F1C90717D5DA6892017B
:107BF00005D5626D22F4405242F4805262659A6863
:107C000022F0004222F03F0242F004029A6070BD6E
:107C10000F4BAEE71A46CFE70A4AD1E7636D43F44C
:107C200080136365D3689B01F1D5636D23F44053E2
:107C300043F480536365EAE784F85050E7E7022095
:107C4000E5E700BF00200240002102400063025827
:107C500000230240026838B5044610469368FFF7D7
:107C600029FC08B9002038BD9907FBD4936803F0BC
:107C70000D03012B19D1936823F0004323F03F0338
:107C800043F00203936003231360FFF7F5FB0546FF
:107C900023689B68DB07E5D5FFF7EEFB401B022856
:107CA000F6D923689B68DA07F2D5636D012043F0AB
:107CB00010036365A36D43F00103A365D3E70000E0
:107CC00038B50446002800F0B780436D032143F027
:107CD00002034365FFF784FE2268D36843F4001370
:107CE000D360002800F08E80012523685A686FF366
:107CF0000A025A6040F2FF721A609A6822F0A042AB
:107D00009A609A6842F000529A60DA6802F0802223
:107D1000DA60DA6842F00042DA60484A19690A40DB
:107D20001A615A6902F040425A619A6902F0784237
:107D30009A611A6A02F07C421A625A6A02F07C4224
:107D40005A62D3F8B02002F07C42C3F8B020D3F8D6
:107D5000B42002F07C42C3F8B420D3F8B82002F07B
:107D60007C42C3F8B820D3F8BC2002F07C42C3F8B0
:107D7000BC20334A196B0A4032491A635A6B0A40D5
:107D80005A639A6B0A409A63DA6B22F4FB6222F020
:107D90000702DA631A6E00221A66596E5A66996EE5
:107DA0009A66D96EDA662849D3F8A0200A40C3F84B
:107DB000A020D3F8A4200A40C3F8A420D3F8C02000
:107DC0000A402249C3F8C0208B42D3F8C42002F0F5
:107DD000F822C3F8C42002D01D4A93421CD11B488C
:107DE000FFF768FB02461A48FFF764FB0243012ACB
:107DF00020D10023A36584F850306365C4E91733AC
:107E0000284638BD2046FFF725FF054600287FF4A9
:107E10006BAF0123636568E70E48FFF74BFB012852
:107E2000E7D00D4B996820460C4A0A409A6008F04A
:107E300081FADEE70A4BF5E70125E1E71CF800FCD3
:107E4000300882E0200882E00000F0FF00200240BD
:107E5000002102400060025800630258E03000FE3A
:107E60000023024010B590F850300446012B19D081
:107E70000123032180F85030FFF7B2FD20B101202B
:107E8000002384F8503010BD2046FFF7E3FE0028A1
:107E9000F5D1636D23F4885323F0010343F001030C
:107EA0006365EDE70220EEE738B5434A054603680F
:107EB000934203D002F58072934225D13F4B9B68D9
:107EC00003F44033003B18BF0123FBB94FF40020FB
:107ED000002105F051FC6B680446B3F5101F4AD031
:107EE0003FD8B3F5E01F44D036D8B3F5801F08D093
:107EF0002CD8B3F5002F04D023F40022B2F5802F44
:107F000016D19B0C5B000FE02D4BD8E704F01EFC54
:107F10006B680446B3F5003F05D0B3F5403F06D08B
:107F2000B3F5803F04D11B0CB4FBF3F400E08408EC
:107F3000FFF7BAFA41F203022B68904223D8214A94
:107F400094429A681BD942F480721AE0B3F5A01FDC
:107F5000D7D0B3F5C01FD3E7B3F5001FE8D144096C
:107F6000E6E7B3F5201F08D0B3F5301FE0D1040ACF
:107F7000DEE70409DCE78409DAE7C409D8E722F47C
:107F800080729A6038BD104A944203D89A6822F4ED
:107F90004072F6E70D4A944203D89A6822F4407280
:107FA000D1E70B4A94429A6896BF22F4407242F499
:107FB000407242F40072E4E70020024000230240D5
:107FC00000630258002D310121BCBE0041787D01C3
:107FD00081F0FA020023F7B504460193002800F06F
:107FE000E680456D25B908F05BF9A56584F8505029
:107FF00023689A68900005D59A6822F0204222F002
:108000003F029A609A68D10032D59A68D20044D46F
:10801000626D012542F010026265A26D42F001021C
:10802000A2651846FFF74AFA626D02F01002024399
:1080300040F0B980626D184622F4817242F002026B
:108040006265FFF737FA002835D15A4A934203D0C8
:1080500002F58072934222D15648FFF72BFA03466D
:108060005548FFF727FA0343012B24D0534A1CE05D
:108070009A68534922F0104222F03F0242F08052A7
:108080009A60504A1268B2FBF1F201320192019AF1
:10809000002ABAD0019A013AF8E70025C1E74A4818
:1080A000FFF708FA012806D0484A9368616823F46C
:1080B0007C130B439360FFF7F7F941F2030C267F23
:1080C000617D6045A3684FEA0642276B4FEA413164
:1080D0005DD9102B5BD10A433A4342F01C03012EB9
:1080E00002BF226A02F1FF3243EA4243626A22B1CE
:1080F00002F47872A16A0A43134322683449D068B3
:10810000014010461943D160FFF7D8F9936803F096
:108110000803034327D1D368217D23F4804323F050
:10812000030343EA8133E16A0B43D36094F83830A8
:10813000012B30D1E36B1069591ED4E9103633435B
:1081400043EA0143A16C0B43224901400B4343F036
:108150000103136120461369616B23F070430B43E5
:108160001361FFF7A1FEE3682268012B17D1116BA1
:10817000A36921F00F01013B0B431363636D23F0EF
:10818000030343F001036365284603B0F0BD3B439E
:1081900013430B43A3E7136923F00103D9E7136BE0
:1081A00023F00F03E9E7636D43F0100363650125D6
:1081B000EAE700BF00200240002102400023024005
:1081C000400D03006401002400600258006302585F
:1081D00003C0F0FF1EF800FC002373B501930446B2
:1081E00090F850300D461646012B3ED0012380F802
:1081F0005030FFF72FFD636D002833D123F48853EF
:10820000226806F0804605F4803523F0020343F02F
:1082100002036365164B91680B4033432B4343F0D5
:10822000004393609368002B12DA019B01330193A2
:108230000199104B9942F5D3636D012023F012038D
:1082400043F010036365002384F8503002B070BD22
:10825000636D23F0030343F001036365002384F897
:108260005030F3E743F01003F7E70220EEE700BFDA
:10827000C0FFFE3F00F8C32507490302CA6803F4A4
:10828000E06322F4E0621204120C134343F0BF6374
:1082900043F40033CB60704700ED00E0164B30B57F
:1082A000DC68C4F30224C4F10703251D042B28BF96
:1082B0000423062D4FF0FF358CBF033C002405FA44
:1082C00003F3002805FA04F521EA030322EA050274
:1082D00003FA04F343EA02034FEA0313DBB206DBBB
:1082E00000F1604000F5614080F8003330BD00F0DF
:1082F0000F00024A1354F9E700ED00E014ED00E02E
:10830000002807DB0123410900F01F00024A8340D7
:1083100042F82130704700BF00E100E000280CDB8C
:108320004309012200F01F0004492033824041F834
:108330002320BFF34F8FBFF36F8F704700E100E042
:108340000138B0F1807F0BD24FF0E023054AF021D5
:108350005861002082F82310072298611A61704743
:108360000120704700ED00E0BFF35F8F044B5A6AB5
:1083700022F480325A620022C3F89420704700BF72
:1083800000ED00E0064B40F00100C3F894005A6A8B
:1083900042F480325A62BFF34F8FBFF36F8F704742
:1083A00000ED00E04378144AC2F89830D2F8A030CB
:1083B00023F00103C2F8A0304368C2F89C30C37AAE
:1083C000017B1B0643EA017301780B43817A43EA80
:1083D000C143417B43EA8143817B43EA4143C17B03
:1083E00043EA0143417A43EA0123017A43EA410324
:1083F000C2F8A030704700BF00ED00E0002808DBA5
:108400004309012200F01F0002496033824041F815
:108410002320704700E100E0704708B5FFF7FCFF3C
:1084200008BD704710B5044608B9012010BD437F50
:1084300003F0FF0213B90277FFF7F3FF022363771C
:108440002379E3B92368134A5A619A6822F0180223
:108450009A6062792368D2B94FF0FF321A61002026
:108460009A68616922F060020A43A1699A609A6879
:1084700022F080020A439A6001236377D6E7D4E9A9
:108480000212204600F008F80028E2D0CDE7226969
:10849000E4E700BFB71DC104CB0710B50BD51E2301
:1084A00021FA03F4E40708D5102A18D0102A09D8B5
:1084B00062B1082A15D0012010E0013BF0D2102A49
:1084C000F4D1F8E7182AF6D1062BF4D800684161F8
:1084D000836823F0180313438360002010BD072B2B
:1084E000F3E70F2BF1E710B5044640B10223037107
:1084F00007F09CFE002020616071207110BD0120FA
:10850000FCE7012310B558B1046801F0100122689E
:1085100003FA01F122EA010222600371002010BD7A
:108520001846FCE7F0B5DFF844C10468876D644580
:1085300045D04C4DAC4242D01835AC423FD01835F6
:10854000AC423CD01835AC4239D01835AC4236D0AC
:108550001835AC4233D01835AC4230D005F55675DD
:10856000AC422CD01835AC4229D01835AC4226D0BC
:108570001835AC4223D01835AC4220D01835AC4267
:108580001DD01835AC421AD01835AC4217D0364D34
:10859000AC4214D01435AC4211D01435AC420ED0DC
:1085A0001435AC420BD01435AC4208D01435AC4273
:1085B00005D01435AC4202D01435AC4248D1D0E9D4
:1085C00019566E60C56E15B1D0E91C566E606445D3
:1085D000C56D86682DD0234884422AD01830844245
:1085E00027D01830844224D01830844221D018304B
:1085F00084421ED0183084421BD01830844218D0D8
:1086000000F55670844214D01830844211D01830CE
:1086100084420ED0183084420BD01830844208D0E7
:108620001830844205D01830844202D01830844279
:108630000FD13F2005F01F0500FA05F5BD60206849
:1086400020F480202060402E636008D1A260E160A9
:10865000F0BD05F01F050120A8407860F3E7A16098
:10866000E260F5E72800024008540258100002407A
:108670000368024623498B4210B531D018318B4232
:108680002ED018318B422BD018318B4228D0183184
:108690008B4225D018318B4222D018318B421FD00B
:1086A00018318B421CD001F556718B4218D018310D
:1086B0008B4215D018318B4212D018318B420FD01B
:1086C00018318B420CD018318B4209D018318B42B3
:1086D00006D018318B4203D023F0FF00906510BD07
:1086E000DCB218210848103CB4FBF1F101F007019D
:1086F0005F2C415C23F47F7020F00300D16588BFBC
:108700000430EBE7100002400D71010802682049B7
:10871000D3B28A4228D014318A4225D014318A42F9
:1087200022D014318A421FD014318A421CD0143115
:108730008A4219D014318A4216D014318A4213D099
:108740001821103BB3FBF1F312491144A8291CD99D
:1087500003F18052012103F01F0302F5024201FAE6
:1087600003F30D4992000CE01422083B0121B3FBF6
:10877000F2F303F1B05201FA03F3084902F516428D
:1087800092008366C0E9182170470833E0E700BF14
:1087900008540258F0FBFDBF800802408058025880
:1087A0000279511E072910B521D80368134CA34242
:1087B0001ED01434A3421BD01434A34218D0143456
:1087C000A34215D01434A34212D01434A3420FD0C4
:1087D0001434A3420CD01434A34209D0084B1344E0
:1087E000084A9B00C0E91B3201238B40436710BD40
:1087F000054B1344054A9B00F4E700BF0854025898
:108800003F820010400902403F960016405902582E
:10881000F8B50546FEF730FE0746002D00F0D28081
:108820002C68AA4EB44200F08D80A94B9C4200F007
:10883000898018339C4200F0858018339C4200F0F8
:10884000818018339C427DD018339C427AD01833F3
:108850009C4277D018339C4274D003F556739C42E7
:1088600070D018339C426DD018339C426AD01833B4
:108870009C4267D018339C4264D018339C4261D02C
:1088800018339C425ED018339C425BD0914B9C4283
:1088900040F0FC80022385F83530002385F8343021
:1088A000AB682168402B6FF3101100F00D81A3F12C
:1088B0008002534253419B03D5E903200243686978
:1088C0000243A8690243E8690243286A41EA101199
:1088D000284641EAD2021343142223607E4B2344EC
:1088E000B3FBF2F39B00EB65FFF7C2FEEB6D03F009
:1088F0001F02012393404360764B9C4200F0AB8003
:1089000014339C4200F0A78014339C4200F0A380F3
:1089100014339C4200F09F8014339C4200F09B80F3
:1089200014339C4200F0978014339C4200F09380F3
:1089300014339C4200F08F8000200123686585F885
:10894000353040E0022385F83530002385F8343097
:10895000236823F0010323602C682368DB0727D4F6
:1089600023685E49AA691940D5E9023003432869A2
:10897000034368690343E86913430343286A0343D5
:10898000686A042843EA010302BFD5E90B1739439B
:108990000B43534909686FF30F01B1F1005F1BD31B
:1089A00069682E2910D8282916D943F4801313E0BA
:1089B000FEF762FDC01B0528CED920236B6503237B
:1089C00085F835300120F8BD3F39132904D8454FCB
:1089D00027FA01F1CF07E8D423600428636923F064
:1089E000070343EA000328D1A96AE86A0B4320B3CE
:1089F0003AB9012916D031F002021ED1C1011CD5AD
:108A000013E0B2F5005F14D1032916D801A252F881
:108A100021F000BF2B8A0008FD8900082B8A00087E
:108A2000258A0008B0F1C07F07D140236B65012380
:108A3000C6E70229F9D90329E0D063612846FFF788
:108A400017FEEB6DB44203F01F024FF03F0303FA31
:108A500002F383604AD128460024FFF757FEAB6833
:108A60002A6E802B04BF00236B606B68D9B2013B78
:108A70001160072BD5E91921516066D8FFF790FEE8
:108A8000EB6E1C60D5E91C325A6055E7164B9C42D0
:108A90003FF400AF14339C423FF4FCAE14339C42CD
:108AA0003FF4F8AE14339C423FF4F4AE14339C42CE
:108AB0003FF4F0AE14339C423FF4ECAE14339C42CE
:108AC0003FF4E8AE402379E71023F5E610000240BA
:108AD0002800024008540258F8ABFDA73F8010FE62
:108AE0000010005C0F030F001C540258194B9C42ED
:108AF000B1D018339C42AED018339C42ABD018335F
:108B00009C42A8D018339C42A5D018339C42A2D0D6
:108B100018339C429FD003F556739C429BD0183368
:108B20009C4298D018339C4295D018339C4292D0E6
:108B300018339C428FD018339C428CD018339C42FF
:108B400089D018339C4286D0D6E6C5E91B446C67B1
:108B5000F2E600BF2800024070B50546002800F08C
:108B6000DA8090F83400012800F0D780012085F8E1
:108B7000340095F8350001284FF0000040F0C68021
:108B80000224674E85F835402C686865B4421ED0D3
:108B9000644884421BD01830844218D01830844274
:108BA00015D01830844212D0183084420FD01830BB
:108BB00084420CD01830844209D000F556708442AB
:108BC00005D01830844202D018308442FFD020688B
:108BD00020F0010020602846FFF7A4FCB4422A6C74
:108BE00053D0504B9C4250D018339C424DD0183338
:108BF0009C424AD018339C4247D018339C4244D000
:108C000018339C4241D018339C423ED003F5567332
:108C10009C423AD018339C4237D018339C4234D00F
:108C200018339C4231D018339C422ED018339C42CA
:108C30002BD018339C4228D018339C4225D023686F
:108C400023F00E0343F00A032360002A54D1364B6D
:108C50009C4225D0354B9C4222D014339C421FD0DD
:108C600014339C421CD014339C4219D014339C42C0
:108C700016D014339C4213D014339C4210D0236876
:108C8000002043F00103236070BD236823F01E031E
:108C900043F0160323601AB1236843F008032360EE
:108CA0002B6E1A68D2032CD4EB6E1BB11A6842F4F7
:108CB00080721A60B442E2D01A4B9C42DFD0183363
:108CC0009C42DCD018339C42D9D018339C42D6D079
:108CD00018339C42D3D018339C42D0D018339C42D6
:108CE000CDD003F556739C42C9D018339C42C6D0F0
:108CF00018339C42C3D0C2E7236843F004032360C7
:108D0000A5E71A6842F480721A60CDE74FF4006359
:108D100085F834006B650120B6E70220B4E700BF98
:108D20001000024028000240085402581C54025807
:108D3000F8B50546FEF7A0FB074645B195F8353076
:108D4000022B06D080236B65002385F83430012088
:108D5000F8BD2C687C4EB4425BD07C4B9C4258D012
:108D600018339C4255D018339C4252D018339C4241
:108D70004FD018339C424CD018339C4249D0183302
:108D80009C4246D003F556739C4242D018339C4215
:108D90003FD018339C423CD018339C4239D0183312
:108DA0009C4236D018339C4233D018339C4230D08A
:108DB00018339C422DD0236823F00E032360644BAC
:108DC0009C422FD12A6EB442136823F4807313603F
:108DD0003DD05E4B9C423AD018339C4237D018337A
:108DE0009C4234D018339C4231D018339C422ED050
:108DF00018339C422BD018339C4228D003F556736D
:108E00009C4224D018339C4221D018339C421ED05F
:108E10001DE0236823F01E032360636923F08003B1
:108E20006361CFE74B4B9C42CCD014339C42C9D0FA
:108E300014339C42C6D014339C42C3D014339C429A
:108E4000C0D014339C42BDD014339C42BAD02368A6
:108E500023F0010323602368DB0747D42B68EA6D06
:108E6000B342A86D02F01F024BD038498B4248D064
:108E700018318B4245D018318B4242D018318B4289
:108E80003FD018318B423CD018318B4239D0183149
:108E90008B4236D001F556718B4232D018318B425D
:108EA0002FD018318B422CD018318B4229D0183159
:108EB0008B4226D018318B4223D018318B4220D0E0
:108EC00018318B421DD0012101FA02F24260204A82
:108ED00093421AD1D5E919325A60EB6E5BBB01237C
:108EE000002085F8353085F8340031E7FEF7C4FA04
:108EF000C01B0528AFD920236B65032385F83530C7
:108F000022E73F2393408360E4E7124A9342E1D093
:108F100014329342DED014329342DBD014329342A7
:108F2000D8D014329342D5D014329342D2D01432D6
:108F30009342D4D1CEE71A6822F480721A60D5E940
:108F40001C325A60CBE700BF1000024028000240EC
:108F5000085402581C54025808B528B190F835300E
:108F6000022B03D08023436501205DE003683F4A64
:108F7000934251D0183293424ED0183293424BD084
:108F80001832934248D01832934245D01832934257
:108F900042D0183293423FD0183293423CD002F56F
:108FA0005672934238D01832934235D018329342D9
:108FB00032D0183293422FD0183293422CD018322C
:108FC000934229D01832934226D01832934223D0AC
:108FD0001A6822F00E021A601A6822F001021A6062
:108FE000234A934221D1026E136823F480731360E5
:108FF000D0E9161303F01F02012393404B60D0E920
:1090000019325A60C36E2BB31A6822F480721A6048
:10901000D0E91C325A601DE0042280F835201A681D
:1090200022F001021A60002008BD124A9342DAD0F1
:1090300014329342D7D014329342D4D01432934294
:10904000D1D014329342CED014329342CBD01432CA
:109050009342C8D0012380F83530002380F83430A3
:10906000036D002BDFD09847DDE700BF1000024002
:10907000085402581C54025800232DE9F34101936F
:109080000446844B844F1E680368856DBB42D5F847
:109090000080D5F800C047D0804A934244D01832AF
:1090A000934241D0183293423ED0183293423BD083
:1090B0001832934238D01832934235D01832934246
:1090C00032D002F5567293422ED0183293422BD0F2
:1090D0001832934228D01832934225D01832934246
:1090E00022D0183293421FD0183293421CD018322B
:1090F000934219D06A4A934240F03681E16D0420D0
:109100001A6801F01F01884010EA0C0F00F053812B
:10911000560740F150811104686040F14481D30347
:1091200000F14781A36CA0E0E26D082102F01F026C
:10913000914011EA080F0BD01868400708D518684D
:1091400020F004001860A960616D41F001016165C3
:1091500028FA02F1C80709D55969090606D501217F
:109160009140A960616D41F0020161650421914067
:1091700011EA080F07D01868800704D5A960616D4F
:1091800041F004016165102101FA02F212EA080FB0
:109190000FD0196809070CD5AA601A6850036CD55E
:1091A0001B68190301D4236C00E0A36C0BB12046AB
:1091B0009847E26D202102F01F02914011EA080F4A
:1091C0007AD02368BB422DD0344883422AD018304D
:1091D000834227D01830834224D01830834221D0D4
:1091E000183083421ED0183083421BD0183083427F
:1091F00018D000F55670834214D01830834211D035
:10920000183083420ED0183083420BD0183083427E
:1092100008D01830834205D01830834202D018306D
:10922000834232D1186810F0100F45D0A96094F82D
:109230003510042936D1196821F0160119605969D1
:1092400021F080015961216C09B9A16C19B119682B
:1092500021F0080119603F239340AB60012384F89B
:109260003530002384F83430236D002B00F09880D3
:10927000204602B0BDE8F04118471A68D20592D4E2
:109280001A6822F008021A608DE7186810F0020FC1
:10929000CBE700BF64010024100002402800024018
:1092A000085402581A68500343D51B6819034DD45B
:1092B000636C0BB120469847636D002B70D0636DD3
:1092C000DA074FD5042384F835302368BB421ED01B
:1092D0004F4A93421BD01832934218D0183293420F
:1092E00015D01832934212D0183293420FD0183250
:1092F00093420CD01832934209D002F55672934231
:1093000005D01832934202D018329342FFD01A6827
:1093100022F001021A604FF41652B6FBF2F6019ADF
:109320000132B242019213D91B68DB0714D4012326
:1093300013E01A6812F4807208D1196821F0100144
:109340001960012384F8342084F83530E36BB0E7EA
:109350001A68D707E3D4E7E7032384F835300023FE
:1093600084F83430E36C80E72A4A93423FF4C6AE77
:10937000143293423FF4C2AE143293423FF4BEAE75
:10938000143293423FF4BAAE143293423FF4B6AE75
:10939000143293423FF4B2AE143293423FF4AEAE75
:1093A00002B0BDE8F081970603D41A6822F00402E7
:1093B0001A60236C59E70220884010EA0C0F16D07F
:1093C000960714D56860100403D5D1030DD4636CDF
:1093D0004BE712F0200208D1196821F00A01196048
:1093E000012384F8342084F83530E36B3DE708200E
:1093F000884010EA0C0FD3D01207D1D51A6822F09A
:109400000E021A60012303FA01F169606365A4E7A3
:10941000280002401C54025890F835007047406DF7
:10942000704700002DE9F74F0023DFF8C4914FF09B
:10943000B0440A6832FA03F502D103B0BDE8F08FF8
:10944000012505FA03F818EA020200F0BB804E6815
:1094500003274FEA430E06F0030507FA0EFC6F1EC2
:109460006FEA0C0C012F34D8876807EA0C0ACF6822
:1094700007FA0EF747EA0A078760476827EA0808ED
:10948000C6F300179F4047EA08074760C768022DE8
:1094900007EA0C088F6807FA0EF747EA0807C76063
:1094A00019D14FEAD30803F0070A4FF00F0B00EB76
:1094B00088084FEA8A0AD8F820700BFA0AFB27EAD4
:1094C0000B0B0F6907FA0AF747EA0B07C8F8207079
:1094D00001E0032DDAD1076805FA0EF516F4403FD6
:1094E00007EA0C0745EA070505606BD0D9F8F45088
:1094F00023F0030703F0030C4FF00F0E45F00205B5
:1095000007F1B0474FEA8C0CC9F8F45007F58067B3
:10951000D9F8F4500EFA0CFE05F002050195019DF4
:10952000BD6825EA0E0E314DA8424DD005F5806587
:10953000A8424BD005F58065A84249D005F5806565
:10954000A84247D005F58065A84245D005F580655D
:10955000A84243D005F58065A84241D005F5806555
:10956000A8423FD005F58065A8423DD005F580654D
:10957000A84214BF0A25092505FA0CF516F4801F28
:1095800045EA0E05BD606FEA020725680CBF3D4045
:10959000154316F4001F256065680CBF3D40154358
:1095A00016F4003F6560D4F884500CBF3D4015436D
:1095B000F603C4F88450D4F8805054BF3D4015439E
:1095C000C4F88050013334E70025D5E70125D3E7FF
:1095D0000225D1E70325CFE70425CDE70525CBE715
:1095E0000625C9E70725C7E70825C5E70000025893
:1095F000004402582DE9F04F00224FF0010A4FF0CD
:109600000F084FF0030B4FF0B04431FA02F301D1D1
:10961000BDE8F08F0AFA02FC1CEA010670D022F0C5
:10962000030502F0030705F1B045BF00D5F8083483
:1096300008FA07F905F5806509EA030E3A4B9842E6
:1096400060D003F5806398425ED003F58063984252
:109650005CD003F5806398425AD003F5806398424A
:1096600058D003F58063984256D003F58063984242
:1096700054D003F58063984252D003F5806398423A
:1096800050D003F58063984214BF0A230923BB40DE
:10969000734517D1D4F8803023EA0603C4F880302C
:1096A000D4F8843023EA0603C4F88430636823EADC
:1096B00006036360236823EA06032360AB6823EA9A
:1096C0000903AB6053000568D6080BFA03F300EBFF
:1096D00086061D43056002F00705376AAD0008FAEB
:1096E00005F527EA05073762C56825EA0305C56061
:1096F000456825EA0C054560856825EA0303836013
:10970000013282E70023C2E70123C0E70223BEE75C
:109710000323BCE70423BAE70523B8E70623B6E72B
:109720000723B4E70823B2E7000002580AB18161B9
:1097300070470904FBE74FF0B042D2F888100142AD
:1097400008B503D0C2F8880006F0B2FF08BD036870
:109750009A69910701D500229A629A69D20703D4C7
:109760009A6942F001029A617047000030B5039D8A
:10977000C1F3090104682B43606843EA0243054AC8
:109780000B4342EA555223F0004320EA0200034310
:10979000636030BDFF63FF03204B426B9A4201F0D0
:1097A000010370B50DB201F0020420D01C4EB2428C
:1097B0001DD01C4EB2421AD0002DC3F10003B4BF1D
:1097C000B822002203F0F203134314B143F0F40370
:1097D00008E0102902D143F0900303E0202901D1D1
:1097E00043F0200301680A6813430B6070BD002D2D
:1097F000C3F10003B4BFB822002203F0F203134305
:10980000002CE3D11029E6D0202902D143F06003D7
:10981000E8E7402908BF43F04003E3E745A5000817
:10982000A5A800081DA4000811F0010307D090F8B6
:10983000413003F02803282B14BFF22342238A0768
:1098400009D590F8412002F02802282A0CBF43F0E5
:10985000440343F0F4030A04016848BF43F0B8032B
:109860000A6822EA03030B6070472DE9F843056894
:10987000064688461746AC6914F0100470D00024E0
:109880001023A146EB613568AB69980662D4B9F143
:10989000000F34D044F004040120AB69D90505D58C
:1098A0004FF4807244F001040120EA615A0505D5A5
:1098B0004FF4806244F008040120EA619B0551D511
:1098C0004FF4007344F00204EB613046FFF73FFFB2
:1098D0006B68012023F0FF7323F48B3323F4FF73B1
:1098E00023F001036B60736C23437364202386F8B9
:1098F0004130002386F8423086F8403034E0B8F139
:10990000FF3FC1D0FDF7B8FDC01B404502D8B8F1FC
:10991000000FB8D13368596896F842209869D2B2DE
:1099200000040AD5490408D4202A06D05A6842F413
:1099300080425A60FDF7A0FD074633689B699D068B
:10994000A1D4FDF799FDC01B1928F6D920244FF0AA
:10995000010998E7B9F1000F9CD12023EB6199E749
:1099600020469AE70028B0D1BDE8F8832DE9F04100
:10997000DDF8188004460F4616461D4623689B698D
:1099800037EA03030CBF01230023B34201D00020B8
:1099900025E0424629462046FFF767FFF0B96B1CD9
:1099A000ECD0FDF769FDA0EB0800A84201D8002D1E
:1099B000E4D123689B6937EA03030CBF012300232A
:1099C000B342DBD1636C43F020036364202384F84B
:1099D0004130002384F8423084F840300120BDE853
:1099E000F081C36AAA2B02D10023C3627047C36A05
:1099F000B3F52A4FFAD14FF00073F6E7704710B570
:109A0000044600284ED090F8413003F0FF021BB905
:109A100080F84020FFF7F2FF242384F841302368C8
:109A20001A6822F001021A60626822F070621A61FC
:109A30009A6822F400429A60D4E90221012906D1F1
:109A400042F400429A605A6822F4006207E042F44D
:109A5000044202299A60F6D15A6842F400625A60C0
:109A600000205A6842F0007242F400425A60DA68FC
:109A700022F40042DA60D4E904210A43A16942EAEF
:109A80000122DA60D4E907210A431A601A6842F019
:109A900001021A602023606484F84130206384F856
:109AA000420010BD0120FCE7704710B5044698B194
:109AB0000268242380F84130136823F00103136007
:109AC000FFF7F2FF0020606484F8400084F8410052
:109AD000206384F8420010BD0120FCE72DE9FF4718
:109AE0001D46002304461746039390F84130202B6F
:109AF00079D103689B6913F4004374D190F8402036
:109B0000012A70D0C1F30906012246F0007880F8DE
:109B10004020242248F4205880F841204364E36820
:109B20002268012B0ABF46F00073434643F40053FA
:109B30005360FDF7A1FC8146226893699269C3F3E3
:109B40004013C2F3001213431DD023689A6912F028
:109B5000100A38D12B46524620212046CDF80090DD
:109B6000FFF704FF28B3636C042B04D12368202281
:109B7000DA61C4F844A0039B01330393039B039B66
:109B8000BB42CCD309E06B1CD6D0FDF775FCA0EB33
:109B90000900A84201D8002DCED12023012084F84D
:109BA0004130636C43F020036364002384F8403049
:109BB00006E020232268D36184F8413084F8400015
:109BC00004B0BDE8F087102220212046DA612B4640
:109BD0000022CDF80090FFF7C9FE0028CBD1236802
:109BE0002022DA61C7E70220EAE70000F7B5044661
:109BF00090F84100089F20285BD194F8400001288C
:109C000057D0012027F00075626284F840002120BF
:109C100084F84100102084F84200002060646385CD
:109C2000254BE7626363638D9BB2FF2B24D9FF2032
:109C30004FF0807620852DBB944622681CF8013BAE
:109C400093620246608D531EC4F824C001382385F8
:109C500080B26085236B112B04D1AA2F02D0B7F5F7
:109C60002A4F11D12046FFF7BCFE638D9BB2FF2B1C
:109C700000D8E66A114B08E0608DE66A80B2208564
:109C80000028D8D10022E5E70023009333466DB9C0
:109C9000D2B200252046FFF769FD2046012184F855
:109CA0004050FFF779FD284603B0F0BD94F8282016
:109CB000EFE70220F8E700BFEBA2000800200080D9
:109CC00037B50446069894F84150202D43D194F8B6
:109CD0004050012D3FD00125626284F8405022257A
:109CE00084F84150102584F842500025656463854E
:109CF0001A4BE0626363638D9BB2FF2B15D9FF2380
:109D00004FF080722385236B122B04D1AA2802D036
:109D1000B0F52A4F0DD12046FFF763FE638D9BB24D
:109D2000FF2B00D8E26A0E4B04E0638DE26A2385C4
:109D3000E9E70023002500932046134694F82820E5
:109D4000FFF714FD2046022184F84050FFF724FD60
:109D5000284603B030BD0220FBE700BFEBA200089D
:109D600000240080F8B51F4690F8413004460E46A6
:109D700003F028031546282B01D00120F8BD01B1BE
:109D80001AB94FF400736364F7E748F20101FFF773
:109D90004BFD90F84030012B40D0012380F840303B
:109DA00090F841302A2B14D10221FFF73DFD0368C2
:109DB0001A6810040DD51A68E06B22F400421A608C
:109DC00038B1174B0365FFF7C7F810B1E06B036DAF
:109DD000984729232068002284F84130202384F802
:109DE00042306264436823F4004343606585638DB9
:109DF000E76223850B4B6662636383698169C903EC
:109E000003D51B0701D50823C361204648F2010191
:109E100084F84020FFF7C0FC0020AFE70220ADE748
:109E200053AB000841AA0008F8B51F4690F841302E
:109E300004460E4603F028031546282B01D00120C6
:109E4000F8BD01B11AB94FF400736364F7E748F243
:109E50000201FFF7E9FC90F84030012B3FD090F869
:109E600041300121292B80F8401013D1FFF7DCFC91
:109E700003681A6850040DD51A68A06B22F480425A
:109E80001A6038B1174B0365FFF766F810B1A06B85
:109E9000036D98472A232068002284F8413020234C
:109EA00084F842306264436823F40043436065856C
:109EB000638DE76223850C4B666263638369816906
:109EC000C90303D41B0701D50823C361204648F208
:109ED000020184F84020FFF75FFC0020B0E7022079
:109EE000AEE700BF53AB000841AA000808B590F8E0
:109EF0004120202A0AD128224FF4004180F8412035
:109F0000034A4263FFF748FC002008BD0220FCE73B
:109F100041AA00080268436B9169126803B11847AF
:109F200070477047704738B5002580F8425090F868
:109F30004130212B4FF0200380F841300AD111230A
:109F4000012145630363FFF76FFC80F84050FFF782
:109F5000E8FF38BD1223022145630363FFF764FC69
:109F600080F84050FFF7DEFFF3E708B503680021F3
:109F70001A6880F84210510415D51A6822F48042FC
:109F80001A6090F84130292B13D12823012180F841
:109F9000413021230363FFF747FC002380F8403062
:109FA000FCF738F908BD1204EBD51A6822F4004218
:109FB000E6E790F841302A2BF4D12823022180F8DB
:109FC000413022230363FFF72FFC002380F8403049
:109FD000FCF70DF9E6E790F8412002F02802282A64
:109FE000F8B5036835D19E69C2689D69C6F300461D
:109FF000022A99684FEA1545DF6805F0FE051FD172
:10A0000085EAD115C1F3090215F006050ED1816C60
:10A0100001318164816C022907D108218564D961ED
:10A0200080F840503146FCF796F8F8BD4FF40041F7
:10A03000FFF7FAFB002307F0FE0280F84030F1E75B
:10A040004FF40041FFF7F0FB00232A4680F8403030
:10A05000E8E70822DA61002380F84030E5E70000F5
:10A0600008B5164B2022C36200230363436380F8C4
:10A07000412080F842304B0712D503685A6A436A80
:10A080001A70436A01334362038D4BB1013B038570
:10A09000438D013B9BB24385436C43F0040343640F
:10A0A00048F20301FFF7C0FB03681022DA610023C6
:10A0B00080F84030FCF786F808BD00BF0000FFFFC5
:10A0C00070477047704790F84120602A4FF00002B7
:10A0D00008B508D1202180F8402080F841100263A3
:10A0E000FFF7F0FF08BD026380F84020FCF796F808
:10A0F000F8E7000070B5002290F841303C4D04466E
:10A1000080F84220283BC5624285022B426C42EA1D
:10A11000010242642AD80321FFF786FB282380F836
:10A120004130344BA06B6363236B002841D0112B6B
:10A1300001D0212B3DD123681A68510403D51A6838
:10A1400022F480421A60FFF767F901282CD02A4BCD
:10A15000A06B0365002384F84030FEF7FDFE002865
:10A1600045D0A06B036DBDE87040184748F203016D
:10A17000FFF75AFBFFF7EBFA90F84130602B11D054
:10A18000202380F8413003689A6995060AD59A69B8
:10A19000D00605D51022DA61626C42F004026264D6
:10A1A0002022DA610023BDE72046BDE87040FFF7BA
:10A1B0008ABFE06B0028F7D0122B01D0222BF3D1FD
:10A1C00023681A68120403D51A6822F400421A6040
:10A1D000FFF722F90128E7D0074BE06B0365002366
:10A1E00084F84030FEF7B8FE08B1E06BBAE770BD06
:10A1F0000000FFFF41AA000853AB000873B52023FD
:10A20000056804460E46EB6190F84130212B36D1AB
:10A210000121FFF709FB112323636B68F20623F08A
:10A22000FF7323F48B3323F4FF7323F001036B607C
:10A230004FF000036363A3F58033E36205D5102379
:10A24000EB61636C43F00403636494F84130602B6A
:10A2500005D1730703D56B6ADBB20193019B2046DE
:10A26000FFF775FA636C94F84120602A00D07BB147
:10A27000616C204602B0BDE87040FFF73BBF90F82C
:10A280004130222BC9D10221FFF7CEFA1223C3E7B6
:10A2900094F84120212A12D1202284F8403084F8F9
:10A2A0004120236394F8422084F84230402A03D1AD
:10A2B000FFF706FF02B070BDFFF733FEFAE794F830
:10A2C0004120222AF6D1202284F8403084F841200F
:10A2D000236394F8422084F84230402A02D1FFF7E9
:10A2E000F0FEE7E7FFF71EFEE4E773B590F84030B5
:10A2F00004460D461646012B00F08E800123E90628
:10A3000080F8403017D5F20615D503681022DA61BF
:10A31000436C43F004034364FFF719FAAA0605D51A
:10A32000B30603D529462046FFF768FF002084F8CE
:10A33000400002B070BD6B0712D5700710D52368BE
:10A3400025F004055A6A636A1A70636A013363620E
:10A35000238D013B2385638D013B9BB26385DDE744
:10A360006906C5F380130DD4AA070BD5B00709D52C
:10A37000638D9BB2002BD1D0636A226813F8011B56
:10A380009162E4E7290632D57206C7D5638D22684B
:10A390009BB203B3208DF0B95168638DC1F30901FD
:10A3A0009BB2FF2B08D9FF224FF0807322850090CB
:10A3B0002046FFF7DBF9B1E7628DE36A92B213F54D
:10A3C000803F2285D2B202D0E36A0090F0E74FF0DE
:10A3D00000730090ECE753689B0103D42046FFF71D
:10A3E000A2FD9BE740212046FFF784FE96E7002B65
:10A3F00094D0700692D5638D9BB2002BF2D1236866
:10A400005A6891018AD4E26A12F5803FE6D15A680F
:10A4100042F480425A6081E702208AE737B590F81B
:10A4200040300446012B00F08680012380F8403044
:10A43000CB0612D5D50610D5036810222021DA618B
:10A44000436C43F004034364FFF7A6F9FFF77FF979
:10A45000002084F8400003B030BD880708D593077A
:10A4600006D52368226D9A624FF0FF332365EFE72C
:10A470000D0636D5500634D501212046FFF7D4F914
:10A480001021FFF789F9638D9BB233B3638D9BB2C3
:10A49000FF2B18D9FF25E16C0023258500932A4660
:10A4A0004FF0807389B2FFF761F9638D5B1B9BB23C
:10A4B000638594F841202368222A1A6830D142F437
:10A4C00000421A60C4E7658D0023E16CADB22585BA
:10A4D0000093EAB24FF00073E4E74021FFF70AFE71
:10A4E000B6E74B061FD555061DD501212046FFF7BF
:10A4F0009BF91021FFF750F994F841100F4A104BC7
:10A50000222918BF1346628D92B2FF2A03D9FF2574
:10A51000E16C2585C2E7658DE16CADB22585D7E795
:10A5200042F48042CDE7880692D5930690D5204626
:10A53000FFF764FE8CE702208DE700BF002000805B
:10A540000024008073B590F840300446012B78D089
:10A55000012380F84030CB0612D5D60610D503680B
:10A5600010222021DA61436C43F004034364FFF7B7
:10A5700013F9FFF7ECF8002084F8400002B070BD3A
:10A580000D0641D550063FD52668336823F04003B9
:10A590003360638D9BB25BB37168638DC1F3090156
:10A5A0009BB2FF2B18D9FF254FF080732585002221
:10A5B00020460092EAB2FFF7D9F8638D5B1B9BB28D
:10A5C000638594F84130222B33680CBF43F4004379
:10A5D00043F480433360CEE7658DE36AADB213F593
:10A5E000803F258501D0E36AE1E74FF00073DEE7A5
:10A5F00073689A0103D42046FFF795FCBBE740211E
:10A600002046FFF777FDB6E74B0612D5560610D564
:10A61000638D9BB2002BF2D123685A689501AAD4AE
:10A62000E26A12F5803FE6D15A6842F480425A60ED
:10A63000A1E788069FD593069DD52046FFF7DEFD4E
:10A6400099E702209AE7036899691A6810B4CC0563
:10A6500008D5140606D5446C44F0010444644FF454
:10A660008074DC614C0508D5140606D5446C44F0B2
:10A67000080444644FF48064DC61890508D512063F
:10A6800006D5426C42F0020242644FF40072DA6175
:10A69000416C11F00B0F03D05DF8044BFFF72ABD9E
:10A6A0005DF8044B704700002DE9F0410568202259
:10A6B00004460E46D5F80080C76A90F84130EA613A
:10A6C000213B092B0CD8DFE803F0058D0B0B0B0B9E
:10A6D0000B93058D48F20101FFF7A6F821232363B0
:10A6E0006B68204643F400436B606B6823F0FF7394
:10A6F00023F48B3323F4FF7323F001036B60FFF724
:10A7000026F818F4804F79D02B6823F480432B600F
:10A71000A36B2BB31B68614A93421ED0183293423D
:10A720001BD01832934218D01832934215D01832E9
:10A73000934212D0183293420FD0183293420CD069
:10A740001832934209D002F55672934205D018325E
:10A75000934202D018329342FFD05B689BB263856C
:10A7600072070FD5636A26F004066A6A1A70636A74
:10A7700001336362238D2BB1013B2385638D013B44
:10A780009BB26385638D9BB21BB1636C43F0040382
:10A790006364F30611D518F0100F0ED0638D9BB2D1
:10A7A000002B45D194F84130282B30D1B7F1007FF0
:10A7B0002DD131462046FFF753FC002384F8423068
:10A7C000656C6363002D42D0616C2046FFF792FCFC
:10A7D00094F84130282B4CD131462046BDE8F04159
:10A7E000FFF73EBC48F20201FFF71EF8222376E78E
:10A7F00048F20301FFF718F8002370E718F4004F40
:10A80000AED02B6823F400432B60E36B81E794F810
:10A8100041202368292A4FF01002DA61CDD117F5C3
:10A82000803FCAD02046FEF792FFFFF79EFBC4E7A9
:10A8300023681022DA61636C43F00403636437F029
:10A840008073BAD1616C2046FFF754FCB5E7E36A28
:10A8500013F5803F0FD02046FFF787FB104B2046B3
:10A8600084F84050E362202384F841302563FBF7ED
:10A87000A9FCBDE8F08194F84130204684F84050AE
:10A88000222B4FF0200384F84130256302D1FBF7DF
:10A89000AEFCEEE7FBF7BEFCEBE700BF10000240AA
:10A8A0000000FFFF70B590F8403004460D46C66AC0
:10A8B000012B00F0C080012380F840308B0607D5C3
:10A8C000930605D5FFF7F0FE002084F8400070BD28
:10A8D000EB0640F1A680D00640F1A380C2F38031A0
:10A8E00002F4004252EA010300F09780E36B3BB3AD
:10A8F0003AB31B68514A93421ED0183293421BD080
:10A900001832934218D01832934215D0183293421D
:10A9100012D0183293420FD0183293420CD0183212
:10A92000934209D002F55672934205D018329342F1
:10A9300002D018329342FFD05B68B3FA83F35B090D
:10A940001A46A36B43B339B31B683C498B421ED0F4
:10A9500018318B421BD018318B4218D018318B42E2
:10A9600015D018318B4212D018318B420FD01831CC
:10A970008B420CD018318B4209D001F556718B42B5
:10A9800005D018318B4202D018318B42FFD05B6862
:10A99000B3FA83F35B090BB9012A1DD194F8413056
:10A9A000282B07D1B6F1007F04D129462046FFF7B6
:10A9B00057FB89E794F841202368292A4FF01002B9
:10A9C000DA6181D116F5803F3FF47EAF2046FEF775
:10A9D000BEFEFFF7CAFA77E723681022DA6136F085
:10A9E0008072636C43F00403636494F84130DBB21B
:10A9F0007FF46AAF213B092B08D8DFE803F0050C90
:10AA0000070707070707050C21232363616C20460E
:10AA1000FFF770FB58E72223F7E723681022DA617B
:10AA200052E729077FF550AF13077FF54DAF20465A
:10AA3000FFF7D1FA48E7022049E700BF10000240C3
:10AA400070B590F8406004460B46C56A012E7ED072
:10AA5000012680F840608E0607D5960605D5FFF7DB
:10AA600023FE002084F8400070BDD90630D5D606FC
:10AA70002ED5628D92B2E2B994F84120282A07D1EE
:10AA8000B5F1007F04D119462046FFF7E9FAE8E75F
:10AA900094F841202368292A4FF01002DA61E0D1AE
:10AAA00015F5803FDDD02046FEF751FEFFF75DFA39
:10AAB000D7E723681022DA61636C43F00403636410
:10AAC00035F08073CDD1616C2046FFF713FBC8E7EA
:10AAD00058071BD5510719D5638D9BB26BB12368FD
:10AAE0005A6A636A1A70636A01336362238D013B99
:10AAF0002385638D013B9BB26385638D9BB2002BE5
:10AB0000AFD115F5803FACD02046CFE71E0705D565
:10AB1000100703D52046FFF75EFAA2E79907A0D5F4
:10AB200093079ED5638D9BB26BB1636A226813F85D
:10AB3000011B91626362638D013B9BB26385238D30
:10AB4000013B23858DE735F080738AD1DCE7022055
:10AB50008AE7806B836B0BB100221A65C36B0BB164
:10AB600000221A65FFF7AFBA90F841007047406CB9
:10AB7000704728B190F83D30022B03D080238366C4
:10AB8000012070470268042380F83D300020D3681C
:10AB900023F00103D3607047F7B50446E0B190F8A5
:10ABA000953403F0FF021BB980F8942407F06EF887
:10ABB00003232068251D84F8953404F015FE237CBA
:10ABC0008DF80030206895E80E0004F048FD01463D
:10ABD00030B1022384F895340125284603B0F0BD36
:10ABE000206804F007FE0028F3D1267904F114034D
:10ABF00001270246C1B224338E4220D8002104F539
:10AC000015730A46C8B22433864226D8237C8DF8B1
:10AC10000030206895E80E0004F066FE0546002826
:10AC2000D7D10123607484F89534237B012B02D1A2
:10AC3000204600F0EEFC206805F087F9CDE723F808
:10AC40000A0C013003F8237C03F8241C03F8202CA1
:10AC500043F8142C43E90722CCE7013103F8232CF5
:10AC600003F8240C03F8202C43F8142C43E90722A2
:10AC7000C8E710B50446006894F89434012B15D049
:10AC8000012384F89434C3685B0606D5637B012BEB
:10AC900003D1836B43F48033836304F09FFD20680A
:10ACA00005F045F9002084F8940410BD0220FCE76B
:10ACB00010B590F894240446012A0AD00122417468
:10ACC00080F89424006805F022F9002084F89404A8
:10ACD00010BD0220FCE770B50546242401F00F00EA
:10ACE00011F0800FC2F30A0200FB04F414BF04F158
:10ACF000140104F5157105EB040619BF0124491967
:10AD00004919002414BF747586F855428A604A7840
:10AD100008700B7102B14883022B04BF00234B71F2
:10AD200095F89434012B09D00123286885F89434D0
:10AD300004F09DFE002085F8940470BD0220FCE71D
:10AD400001F00F02242311F0800F02FB03F310B572
:10AD500014BF03F1140103F515710446184415BF1F
:10AD6000012300230919091914BF437580F85532CE
:10AD70000A7094F89434012B09D00123206884F8D8
:10AD8000943404F0B3FE002084F8940410BD022033
:10AD9000FCE738B51546242401F00F02544304F5AE
:10ADA00015710444C4E99853002384F854220144E3
:10ADB00084F85532C4F8683282790068012A08BFE5
:10ADC000C4F8705204F03EFF002038BD01F00F01BE
:10ADD000242303FB0100D0F86802704738B51546FC
:10ADE000242401F00F02544304F114010444C4E983
:10ADF0000853002322750144A362012363758279FD
:10AE000000689A4208BF256304F01CFF002038BD8B
:10AE100038B501F00F0503790446AB422BD311F08E
:10AE2000800F4FF024031DD06B43012203F1140166
:10AE3000034401445A7501230D708B7094F89424D7
:10AE40009A421AD0206884F8943405F00CF82DB991
:10AE500004F29C42A179206805F0C6F8002084F82D
:10AE6000940438BD4B43002203F51571034401449B
:10AE700083F85522DFE70120F3E70220F1E738B538
:10AE800001F00F0203790446934225D3242311F0E5
:10AE9000800F4FF0000502FB03F314BF03F1140110
:10AEA00003F51571184419BF012309190919002365
:10AEB00014BF437580F855328D700A7094F894343D
:10AEC000012B0BD00123206884F8943404F0F6FFA2
:10AED000284684F8945438BD0120FCE70220FAE7A4
:10AEE00001F00F03242253430A064CBF03F114015F
:10AEF00003F515710144006804F04EBE2DE9F04FD2
:10AF0000066889B00446304605F05BF803900028D7
:10AF100040F06E81206805F026F8002800F0688176
:10AF2000D6F8083806F500652068C3F30D23C4F889
:10AF3000D43405F018F88707236803D55A6902F05E
:10AF400002025A61184605F00EF8C0062DD5226897
:10AF5000936923F010039361D6F8208008F4F0136E
:10AF600008F00F07B3F5802F40F0458147F6F073E6
:10AF700018EA030F14D02423C8F30A19304603FB40
:10AF800007474A46D7F8601204F04CFFD7F8603202
:10AF90004B44C7F86032D7F868324B44C7F8683280
:10AFA0002268936943F010039361206804F0DBFF8B
:10AFB000010300F13381206804F0D5FF42030CD572
:10AFC000274606F5106B4FF0000A206804F0D7FF03
:10AFD0000490049B002B40F0EB81206804F0C3FF39
:10AFE000002813DA6B6823F001036B6094F8CC340B
:10AFF000012B40F084820021204684F8CC1400F01C
:10B000001BFB2268536903F000435361206804F07E
:10B01000AAFF03050AD5AB68DF0702D5204606F074
:10B02000EFFE2268536903F400635361206804F063
:10B030009AFF000114D523685A6902F000625A6130
:10B0400094F8CC24002A40F05E820121204684F846
:10B05000CC145B6DC3F38303C4F8D03400F0ECFA76
:10B06000206804F080FFC10433D56B68102120688C
:10B0700023F001036B6004F0EBFB207906F510630D
:10B080004FF67F31039A904200F24182EB6943F020
:10B090000113EB61E37B002B00F05882D5F884307C
:10B0A00043F00B03C5F884306B6C43F00B036B6407
:10B0B000D6F8003804F29C42206823F4FE63C6F8F8
:10B0C0000038A17904F090FF2268536903F480539B
:10B0D0005361206804F047FF820416D5206804F00D
:10B0E00074FF206804F0B8FC2768E07101F02EFBC3
:10B0F000E2790146384604F001FB204606F06FFE77
:10B100002268536903F400535361206804F02BFF55
:10B11000030707D5204606F05EFE2268536903F058
:10B1200008035361206804F01EFF070600F119822E
:10B13000206804F018FFC0020CD5A04606F512697D
:10B1400001272379BB4200F225822268536903F468
:10B1500080135361206804F006FF81022BD594F818
:10B1600004E0234606F532614FF0010CE6451DD997
:10B1700093F87C720868012F40F02282002880F248
:10B180001F82D4F8D42482EA1040C20700F118824A
:10B1900083F87B72B06940F08000B061706900068E
:10B1A00000F10E826B6843F400736B602268536990
:10B1B00003F400135361206804F0D5FE410007D565
:10B1C000204606F057FE2268536903F0804353611E
:10B1D000206804F0C8FE42070AD523685D686B0743
:10B1E00002D5204606F04AFE226853682B4353607E
:10B1F00009B0BDE8F08FB3F5402F7FF4D1AE08223F
:10B2000004F29C413046C8F30A1804F00BFE2423D4
:10B2100003FB0747D7F868324344BFE606F53068BA
:10B22000A2460027206804F0A2FE0490049B002B95
:10B230003FF4C1AE049BDB0779D55FFA87FB20683A
:10B24000594604F0A4FE10F0010F81461FD00123DF
:10B250002068C8F8083000F5306394F806C003EBA6
:10B260004713016CBCF1010F9A6840F08B8012F01B
:10B27000080F07D0B348814209D9120407D54FF40B
:10B28000004203E012F0200F5AD020229A6019F0F9
:10B29000080F21D00823AB49C8F8083023681A6C7E
:10B2A00003F530638A4203EB4713986804D900041E
:10B2B00002D54FF4004098602046059206F074FDD8
:10B2C000059AA0498A4207D9A179012904D104F23B
:10B2D0009C42206804F088FE19F0100F02D0102361
:10B2E000C8F8083019F0020F14D07369190603D595
:10B2F0006B6843F480636B609AF85732012B06D178
:10B300000023594620468AF8573206F0ABFD022347
:10B31000C8F8083019F0200F02D02023C8F80830F0
:10B3200019F4005F03D04FF40053C8F80830049BB1
:10B33000013708F120080AF1240A5B08049375E735
:10B34000DFF800C2614501D9120498D41A69DAF80D
:10B350007432C2F312029B1ACAF868326FB9D4F879
:10B3600064222AB904F29C42012104F03DFE04E06B
:10B37000D4F860221A44C4F860225946204606F0E8
:10B3800019FD84E7DFF8C0C1614507D111043FF51D
:10B3900076AF9206F1D520229A60EEE7002FECD12D
:10B3A000D4F86432002BE8D104F29C423946DCE741
:10B3B000049BDA0740F19A805FFA8AF32068194605
:10B3C000079304F0EDFD10F0010F804620D001211D
:10B3D0000AF00F026B6B01FA02F223EA02036B63BD
:10B3E000CBF80810A17901290DD1D7E9072313441F
:10B3F0003B62BAF1000F06D1636A23B904F29C42A2
:10B40000206804F0F1FD5FFA8AF1204606F0DBFCCB
:10B4100018F0080F02D00823CBF8083018F0100FEE
:10B4200002D01023CBF8083018F0400F02D0402390
:10B43000CBF8083018F0020F10D05146304604F017
:10B4400007FAFB7D012B06D100235FFA8AF1204623
:10B45000FB7506F00BFD0223CBF8083018F0800FC7
:10B4600044D0D7E909329A4240D8A3EB0208FB69DD
:10B4700021689845059128BF984601F5106308F1A9
:10B48000030803EB4A134FEA98080693069B996951
:10B490007B6A89B2414527D39A420BD3059B0AF0B8
:10B4A0000F000121D3F83428814022EA0102C3F8B9
:10B4B00034281BE0A3EB0209FB69079A994505981C
:10B4C00028BF9946A37900931FFA89F3396A09F1D5
:10B4D000030804F0A3FB3B6ABA6A4FEA98084B449E
:10B4E0004A443B62BA62D1E79A42D7D2049B0AF13E
:10B4F000010A24370BF1200B5B08049369E5204611
:10B5000006F096FC7DE5204606F07AFCA8E59960F9
:10B51000203353F8202C22F4001243F8202CC3F8D7
:10B52000E811D3F8E02122F40012C3F8E021D3F8A7
:10B53000E02142F00062C3F8E021039A0132039255
:10B54000A0E500BF0A30544F0A31544F6B6943F4F1
:10B55000005343F02B036B612B6943F00B032B610A
:10B56000A6E5B369012704F257284FF0240923F018
:10B570008003B3612379BB427FF6DAAD09FB07F3A1
:10B5800018F80330012B03D1F9B22046FFF7A8FCCD
:10B590000137EFE798F83C30D9F80020012B09D1AA
:10B5A000002A07DA67F07F01204688F83B30C9B2ED
:10B5B000FFF796FC013708F1240809F12009C0E5DE
:10B5C0000CF1010C24332031D0E500BF00681204D7
:10B5D000436A70B519B913438362002070BD846A51
:10B5E0004E1E03EB14430024B44205D33F311343F2
:10B5F00000EB81004360F0E704F14005013400EB0B
:10B6000085056D6803EB1543EEE70368002059627A
:10B610007047012102680346C0F8D814002083F85F
:10B62000CC04936943F000639361536D43F08053FE
:10B6300043F00303536570477047000038B5104C62
:10B64000E36813F0040FE36805D103F00703181A49
:10B6500018BF012038BD23F007031843E060FBF753
:10B660000BFF054663689B0401D50020F2E7FBF75A
:10B6700003FF401BB0F57A7FF4D90120EAE700BF51
:10B6800000480258024AD36843F08073D360704781
:10B69000004802582DE9F0474D6A35B1B2F1406FCC
:10B6A00003D08B6A0468013B2361D1F818A0D1E96B
:10B6B000077EBAF1000F4DD04E6945EA0A0A0468C8
:10B6C000B6040B68D1F834C04AEA020AD1E90B98F3
:10B6D000BEF1000F25D08D684AEA0E00E5610D69C4
:10B6E00097B13B4343EA090343EA080343EA0C03E7
:10B6F0002B43CD682B4333430343B2F1406F636167
:10B700000DD04B68A3610AE043EA090343EA08034A
:10B7100043EA0C032B43334303436361A761BDE852
:10B72000F08767B13B43C86843EA090343EA08036B
:10B7300043EA0C030343334343EA0A03DDE743EAE6
:10B74000090343EA080343EA0C0040EA060343EA1C
:10B750000A03E2E7BEF1000F23D08B6845EA0E052D
:10B7600004684E691543E361B6040B69D1F834C02F
:10B77000D1E90B985FB13B43C86843EA090343EA48
:10B78000080343EA0C03034333432B43B5E743EA7F
:10B79000090242EA080242EA0C0232432A43626189
:10B7A000BCE7D7B145EA0703CC6A0068B2F1406F45
:10B7B00043EA020343EA04030C6B43EA04034C6BC1
:10B7C00043EA0403CC6843EA04034C6943EA844334
:10B7D0004361A4D04B688361A1E7002D9FD0CB6A61
:10B7E00000682B431A430B6B1A434B6B1A434B698C
:10B7F00042EA83424261876191E72DE9F041DDF839
:10B80000188004460E4615461F4623689868304047
:10B81000003818BF0120A84201D100200FE0B8F184
:10B82000FF3FF3D0FBF728FEC01B404509D9042396
:10B83000012084F84130636C43F001036364BDE888
:10B84000F081B8F1000FE0D1F1E7000037B5044610
:10B85000FBF712FE054614B9012003B030BD94F881
:10B8600041302BB92046F9F763F941F28833A364DC
:10B8700021682046A3680A68013B22F4F85242EA94
:10B880000322A36C0A600022009320212B46FFF7BD
:10B89000B4FF0028E0D12268E569E36811682B4312
:10B8A000256A21F07F412B43656821F0D00143EAEE
:10B8B00005630B4313605568D4E905310B432169D7
:10B8C00043EA0143064929400B435360136843F0A0
:10B8D000010313600123606484F84130BDE700BFB9
:10B8E000FEF8E0FF10B5044658B10268136823F073
:10B8F00001031360F9F7A6F90020606484F84100A1
:10B9000010BD0120FCE72DE9F34704468A46904626
:10B91000FBF7B2FD94F840300746012B37D00123E6
:10B92000022684F8403094F84130012B5FFA83F905
:10B930002BD10022034620212046626484F8416016
:10B94000CDF80080FFF759FF054638B101250023E7
:10B9500084F84030284602B0BDE8F08702465146E0
:10B960002046FFF797FEDAF824305BB93B464A469B
:10B9700031462046CDF80080FFF73FFF0028E5D193
:10B980002368DE6084F84190E1E73546DFE7022571
:10B99000E0E72DE9F743044689469046FBF76CFD46
:10B9A00094F8403007462568012B50D0012384F8D5
:10B9B000403094F84130012BDEB246D1002363645D
:10B9C000B9F1000F3CD0122384F841302B690133C8
:10B9D000E3622B69C4F824900133A3626B6923F0FE
:10B9E00040636B61E36AB3B93B4601220221204602
:10B9F000CDF80080FFF701FF18B923680222064640
:10BA0000DA60012384F84130002384F84030304666
:10BA100003B0BDE8F0833B46012204212046CDF867
:10BA20000080FFF7EAFE0028EBD1636A1B7885F8F7
:10BA30002030636A01336362E36A013BE362D1E76A
:10BA4000636C43F008036364DEE70226DCE702264A
:10BA5000DDE72DE9F743044690468946FBF70CFDE8
:10BA600025680746AA6994F84030012B53D001237A
:10BA700084F8403094F84130012BDEB249D10023E4
:10BA80006364B9F1000F3FD0222384F841302B6961
:10BA90000133A3632B69C4F8309001336363696990
:10BAA00021F0406141F080616961AA61A36BB3B983
:10BAB0003B46012202212046CDF80080FFF79DFE83
:10BAC00018B9236802220646DA60012384F841305F
:10BAD000002384F84030304603B0BDE8F0833B4695
:10BAE000012206212046CDF80080FFF786FE0028BF
:10BAF000EBD195F82020236B1A70236B013323635D
:10BB0000A36B013BA363D1E7636C43F00803636459
:10BB1000DEE70226DCE70226DDE72DE9F7430446EF
:10BB2000984689461546FBF7A7FC94F8403007462F
:10BB3000012B44D0012384F8403094F84130012B8C
:10BB4000DEB23AD1422300222021626484F84130DF
:10BB50000346CDF800802046FFF74FFE30BB236838
:10BB600020462A6829699A626A685A62AA68DA6273
:10BB70001A6822F440020A43494642F480021A60DD
:10BB80004FF00062EB68C9F82830FFF783FD3B46B1
:10BB9000324608212046CDF80080FFF72EFE28B956
:10BBA00023680822DA6084F841600646002384F89E
:10BBB0004030304603B0BDE8F0830226F6E70226A7
:10BBC000F7E7F7B5044616460F46FBF755FC94F821
:10BBD00040200346012A33D0012284F8402094F803
:10BBE0004120012A2AD1002282212046626484F861
:10BBF0004110A16C00912021FFF7FFFD0546B8B967
:10BC0000236872681868082A20F0080040EA0200D9
:10BC1000186007D132681A631022DA601A6842F499
:10BC200080121A604FF0406239462046FFF732FD1D
:10BC3000002384F84030284603B0F0BD0225F7E722
:10BC40000225F8E7704708B5006C00238363C362E0
:10BC500090F84130082B0BD103680222DA601A6891
:10BC600042F400321A601A6842F002021A6008BDFB
:10BC7000012380F84130FFF7E5FFF8E77047704790
:10BC800070477047704770477047000038B50368C9
:10BC9000044699681A68480734D5550332D594F894
:10BCA0004120122A14D122689168480703D4204603
:10BCB000FFF7E8FF38BDE16AF9B1626A127883F8EC
:10BCC0002020626A01326262E26A013AE262EAE7D5
:10BCD00094F84120222AEAD1226891684907E6D5E2
:10BCE000A16B51B193F82010226B1170226B0132BD
:10BCF0002263A26B013AA263EEE7136823F4802368
:10BD00001360D4E78D0768D5900366D50222DA6008
:10BD10001A6822F4E0221A6094F84120122A13D102
:10BD20001A68510709D51A6822F004021A60E36BF9
:10BD30001A68D36823F00103D3600123204684F8F6
:10BD40004130FFF79EFFB5E794F84120222A26D123
:10BD50001A6852071DD51A6822F004021A60E36BB4
:10BD60001A68D36823F00103D3600123204684F8C6
:10BD70004130FFF785FF9DE7A26B002AF5D093F8CD
:10BD80002010226B1170226B01322263A26B013AE8
:10BD9000A2632268926812F47C5FEDD1E5E794F823
:10BDA0004120022A06D10123204684F84130FFF7C2
:10BDB00066FF7FE794F84120082A7FF47BAF5A6939
:10BDC000204622F040625A61012384F84130636CBE
:10BDD000002B3AD1FFF752FF6CE70D0711D5100386
:10BDE0000FD50822DA601A68550206D51A6822F4BF
:10BDF00010221A60012384F841302046FFF743FFE8
:10BE000058E7C80724D5D50322D50125DD601A6877
:10BE100022F470221A60626C42F0020262641A68B4
:10BE200050070FD51A68E06B22F004021A600E4B1F
:10BE30008365FEF79EFE00283FF43CAF636C43F041
:10BE400004036364204684F84150FFF7FBFE31E7AA
:10BE5000C9067FF52FAFD2027FF52CAF1022204606
:10BE6000DA60FFF711FF25E747BC0008F8B5044684
:10BE7000002874D00368D8075ED42368990700F1BE
:10BE8000AD802368DA0627D59C4A1369916A03F0CE
:10BE90003803082B07D0182B40F0038101F003036F
:10BEA000012B40F0FE801368DB0502D5E369802B8F
:10BEB00055D1FBF7F9FA41F20303216A98428F4BFF
:10BEC00000F2E8805A68202922F0F8420CBF42F0C4
:10BED000804242EA81625A602368190700F1238197
:10BEE00023689A0600F1448123685D071ED5844DBE
:10BEF0002B6843F480732B60FBF7BEFA06462B6871
:10BF0000DA0540F15A81A3687C4D012B40F05C8139
:10BF10002B6F43F001032B6741F28837FBF7ACFA34
:10BF2000764E0546336F9B0740F17481616A0029A4
:10BF300040F0778100202BE0704A1369916A03F08A
:10BF40003803102B05D0182B0BD101F00303022B63
:10BF500007D113689A0390D56368002B8DD1012017
:10BF600016E06368654DB3F5803F12D12B6843F44A
:10BF700080332B60FBF780FA604E054633689B03E5
:10BF80003FF57BAFFBF778FA401B6428F6D9032016
:10BF9000F8BDA3B92B6823F480332B602B6823F4FE
:10BFA00080232B60FBF768FA06462B689F037FF51A
:10BFB00064AFFBF761FA801B6428F6D9E7E7B3F5B5
:10BFC000A02F2B6803D143F480232B60CEE723F40A
:10BFD00080332B602B6823F48023CAE74749E2684B
:10BFE0000B69886A13F0380303D0182B2AD1800715
:10BFF00028D10B685B0701D5002AB0D03F4D2B68D4
:10C0000023F0190313432B60FBF736FA06462B681F
:10C010005F0711D5FBF748FA41F203032269984202
:10C020006B6822D823F47C33402A0CBF43F40033DE
:10C0300043EA02336B6024E7FBF71EFA801B0228F9
:10C04000E5D9A4E72D4D2B68A2B123F019031343C2
:10C050002B60FBF711FA06462B685807DAD4FBF77A
:10C060000BFA801B0228F7D991E723F0FE4343EA3D
:10C070000263DFE723F001032B60FBF7FDF90646BF
:10C080002B6859077FF5FDAEFBF7F6F9801B0228F8
:10C09000F6D97CE7DA6822F07C5242EA0162DA6083
:10C0A0001AE7E369154D6BB32B6843F080032B60EF
:10C0B000FBF7E2F906462B68DF0511D5FBF7F4F92B
:10C0C00041F20303226A984210D86B68202A23F0B9
:10C0D000F8430CBF43F0804343EA82636B60FBE6A6
:10C0E000FBF7CAF9801B0228E5D950E7EB6823F07B
:10C0F0007C5343EA0263EB60EEE600BF0044025863
:10C10000004802582B6823F080032B60FBF7B4F93A
:10C1100006462B68D8057FF5DFAEFBF7ADF9801B2F
:10C120000228F6D933E76369A34D83B16B6F43F0FF
:10C1300001036B67FBF7A0F906466B6F9B073FF5A2
:10C14000CFAEFBF799F9801B0228F6D91FE76B6F7A
:10C1500023F001036B67FBF78FF906466B6F9F07B0
:10C160007FF5BEAEFBF788F9801B0228F6D90EE7F3
:10C17000A369914D83B12B6843F480532B60FBF787
:10C180007BF906462B6898043FF5AEAEFBF774F9D1
:10C19000801B0228F6D9FAE62B6823F480532B6023
:10C1A000FBF76AF906462B6899047FF59DAEFBF70D
:10C1B00063F9801B0228F6D9E9E6FBF75DF9801BDD
:10C1C00064287FF69CAEE2E6B3B92B6F41F2883764
:10C1D00023F001032B672B6F23F004032B67FBF77E
:10C1E0004BF906462B6F98077FF5A0AEFBF744F995
:10C1F000801BB842F6D9CAE6052B2B6F03D143F05A
:10C2000004032B6784E623F001032B672B6F23F0D5
:10C21000040380E6FBF730F9401BB8427FF682AE9C
:10C22000B5E6654D2B6903F03803182B78D02B68E1
:10C23000022923F080732B6065D1FBF71DF90646B8
:10C240002B68990159D4AB6AA26A23F47C7323F05A
:10C2500003031343E26A43EA0213AB62636BA26B0C
:10C26000013B013A5B0212049BB202F4FE0213434B
:10C27000226B013AC2F308021343E26B013A120641
:10C2800002F0FE4213432B63EB6A23F00103EB62DF
:10C290006B6BA26C6FF3CF0343EAC2036B63EB6A71
:10C2A000226C23F00C031343EB62EB6A626C23F005
:10C2B00002031343EB62EB6A43F48033EB62EB6AF5
:10C2C00043F40033EB62EB6A43F48023EB62EB6AE6
:10C2D00043F00103EB622B6843F080732B60FBF7A4
:10C2E000CBF8354D04462B689A013FF523AEFBF79A
:10C2F000C3F8001B0228F6D949E6FBF7BDF8801BFE
:10C3000002289DD943E6FBF7B7F804462B689B014A
:10C310007FF510AEFBF7B0F8001B0228F6D936E621
:10C320000129AA6A2B6B3FF41AAE02F00301A06A3E
:10C3300081427FF414AEC2F30512E16A8A427FF4AF
:10C340000EAE226BC3F30801013A91427FF407AEAF
:10C35000626BC3F34621013A91427FF400AEA26BB7
:10C36000C3F30641013A91427FF4F9ADE26BC3F3A6
:10C370000663013A93427FF4F2AD6B6BA26CC3F398
:10C38000CC039A423FF4D6AD0B4DEB6A23F0010388
:10C39000EB62FBF771F80646FBF76EF8B042FBD094
:10C3A0006B6BA26C6FF3CF0343EAC2036B63EB6A60
:10C3B00043F00103EB62BDE500440258494B1A69A2
:10C3C00002F03802102A30B500F08880182A0CD00C
:10C3D000002A40F085801A68434812F0200F03D0ED
:10C3E0001B68C3F3C103D84030BD996A9D6ADC6AFB
:10C3F00015F47C7FC5F305105A6BF5D0C2F3CC025F
:10C4000004F0010401F0030107EE900A6243B7EE65
:10C41000006A0129B8EEE77A06EE902AFAEEE96A98
:10C420004ED002293ED000294AD11A68920627D55B
:10C4300019682D4AC1F3C1011B6BCA40C3F308033D
:10C4400007EE902AF8EEE75AC5EE877A07EE103A23
:10C45000B8EEC77A37EE267A37EE067A67EE877A35
:10C46000204B1B6BC3F34623013307EE103AF8EE63
:10C47000C76A87EEA67AFCEEC77A17EE900AB3E792
:10C480001B6BC3F3080307EE903AF8EEE77A77EEFA
:10C49000A67A77EE867A9FED156AC6EE076A67EE92
:10C4A000A67ADDE71B6BC3F3080307EE903AF8EEBC
:10C4B000E77A77EEA67A77EE867A9FED0D6AECE75B
:10C4C0001B6BC3F3080307EE903AF8EEE77A77EEBA
:10C4D000A67A77EE867A9FED076ADEE7064883E75D
:10C4E000064881E7004402580090D0030024744CB1
:10C4F0000024744B0024744A0024F40000093D0019
:10C500002DE9F0410D46044610B90120BDE8F08147
:10C51000884A136803F00F038B42C0F093802368AE
:10C520005F0700F19B801E070BD583496069CA69CC
:10C5300002F07002904204D9CA6922F070020243EC
:10C54000CA61D8060BD57C49A069CA6902F4E062C9
:10C55000904204D9CA6922F4E0620243CA61990692
:10C560000BD57549E0690A6A02F07002904204D95D
:10C570000A6A22F0700202430A629A070BD56E49DA
:10C58000E0688A6902F00F02904204D98A6922F0B9
:10C590000F0202438A61DF076ED423689E0700F111
:10C5A000A18064490A6802F00F02AA4200F2A88042
:10C5B000580700F1B18019070BD55F496069CA6956
:10C5C00002F07002904204D2CA6922F07002024363
:10C5D000CA61DA060BD55849A069CA6902F4E0625B
:10C5E000904204D2CA6922F4E0620243CA619B0607
:10C5F0000BD5514AE169136A03F07003994204D2E2
:10C60000136A23F070030B431362FFF7D7FE4A4906
:10C610004A4A8B69C3F30323D35C03F01F03D8405A
:10C620008B6903F00F03D35C454A03F01F0320FA24
:10C6300003F31360434B1860434BBDE8F0411868A7
:10C64000FAF7BABE136823F00F030B4313601368A5
:10C6500003F00F038B427FF458AF60E7364920693F
:10C660008A6902F0700290427FF65DAF8A6922F01B
:10C67000700202438A6156E72F4BA1689A6922F43F
:10C6800070620A439A6161681A6802291DD112F426
:10C69000003F3FF43AAF1A6941F28838264F22F042
:10C6A00007020A431A61FAF7E7FE06463B69626829
:10C6B00003F03803B3EBC20F3FF46FAFFAF7DCFEC1
:10C6C000801B4045F2D9032020E7032902D112F054
:10C6D000007FDEE7012902D112F4807FD9E712F052
:10C6E000040FD6E71449E0688A6902F00F0290420D
:10C6F000BFF457AF8A6922F00F0202438A6150E704
:10C700000A6822F00F022A430A600A6802F00F0248
:10C71000AA427FF4FAAE4BE7074920698A6902F022
:10C7200070029042BFF447AF8A6922F07002024360
:10C730008A6140E70020005200440258DC71010881
:10C7400060010024640100240401002408B5FFF7FF
:10C7500035FE0B4A0B4993699269C3F3032302F038
:10C760000F02CB5C03F01F0320FA03F3885C064A38
:10C7700000F01F0023FA00F01060044A136008BDA7
:10C7800000440258DC7101086001002464010024A7
:10C7900008B5FFF7DBFF054B054ADB69C3F302135E
:10C7A000D35C03F01F03D84008BD00BF004402580B
:10C7B000DC710108F8B5394C06460D46A36A03F052
:10C7C0000303032B67D0236823F080632360FAF709
:10C7D00053FE074623681A0149D4A36A326823F43A
:10C7E0007C3343EA0233A362B368F268013B013A47
:10C7F0005B0212049BB202F4FE0213437268013A18
:10C80000C2F3080213433269013A120602F0FE42F3
:10C810001343A363E36A726923F0C0031343E36223
:10C82000E36AB26923F020031343E362E36A23F06F
:10C830001003E362E36BF2696FF3CF0343EAC203D1
:10C84000E363E36A43F01003E362E36AB5B943F4D8
:10C850000023E362114C236843F080632360FAF7FE
:10C860000BFE054623681B010FD5002005E0FAF7F3
:10C8700003FEC01B0228ADD90320F8BD012D0CBF5B
:10C8800043F4801343F40013E3E7FAF7F5FD401B8C
:10C890000228E7D9F0E70120EFE700BF0044025883
:10C8A000F8B5394C06460D46A36A03F00303032B83
:10C8B00067D0236823F080532360FAF7DDFD074635
:10C8C00023689A0049D4A36A326823F07C7343EA50
:10C8D0000253A362B368F268013B013A5B0212049F
:10C8E0009BB202F4FE0213437268013AC2F30802DB
:10C8F00013433269013A120602F0FE4213432364E5
:10C90000E36A726923F440631343E362E36AB26942
:10C9100023F400731343E362E36A23F48073E36256
:10C92000636CF2696FF3CF0343EAC2036364E36AA3
:10C9300043F48073E362E36AB5B943F48003E362CE
:10C94000114C236843F080532360FAF795FD0546A8
:10C9500023689B000FD5002005E0FAF78DFDC01B72
:10C960000228ADD90320F8BD012D0CBF43F400030C
:10C9700043F08073E3E7FAF77FFD401B0228E7D915
:10C98000F0E70120EFE700BF004402582DE9F8432B
:10C990000368054618011ED5AB6EB3F5001F2BD0FA
:10C9A0000FD8D3B1B3F5801F1DD001262B68D90550
:10C9B00051D5AB6D042B4DD8DFE803F0243F462959
:10C9C0002900B3F5401FF0D1854AA96E136D23F4F9
:10C9D00040130B4313650026E8E7814AD36A43F40A
:10C9E0000033D362F0E7022105F10800FFF7E2FE11
:10C9F00006460028DAD1E7E7022105F12800FFF713
:10CA00004FFFF5E7764AD36A43F40033D3623446E6
:10CA10001CBB734AA96D136D23F007030B43136509
:10CA20002B689A0528D5EB6D802B43D017D8A3B37C
:10CA3000402B38D0012634461EE0002105F10800C5
:10CA4000FFF7B8FE0446E3E7002105F12800FFF7F1
:10CA500027FFF7E701263446E2E72646E0E7C02B4A
:10CA600002D0B3F5807FE5D154BB5D4AE96D136D0B
:10CA700023F4E0730B4313652B685B0531D5D5F8C0
:10CA8000A830B3F5800F49D01CD8002B39D0B3F5AE
:10CA9000001F3CD00126344623E0514AD36A43F4B8
:10CAA0000033D362E0E7002105F10800FFF782FEC2
:10CAB0000446D9E7002105F12800FFF7F1FEF7E76A
:10CAC0002646D9E7B3F5C00F02D0B3F5000FE1D188
:10CAD00054BB434AD5F8A810936D23F460030B436D
:10CAE00093652B681F0530D5D5F8AC30B3F1007FC6
:10CAF00045D01BD8B3B3B3F1807F39D0012634467B
:10CB000023E0374AD36A43F40033D362E0E70021DD
:10CB100005F10800FFF74EFE0446D9E7002105F1B4
:10CB20002800FFF7BDFEF7E72646DAE7B3F1407FBE
:10CB300002D0B3F1806FE1D13CBB294AD5F8AC10EB
:10CB4000936D23F0E0630B4393652B68980128D520
:10CB5000EB6C202B3BD01AD8DBB1102B31D0012647
:10CB600034461EE01E4AD36A43F40033D362E3E73F
:10CB7000002105F10800FFF71DFE0446DCE7002157
:10CB800005F12800FFF78CFEF7E72646DDE7302B9E
:10CB9000E5D11CBB124AE96CD36C23F030030B4384
:10CBA000D3642B68D9042CD52B6EB3F5005F74D0F9
:10CBB00018D8002B64D0B3F5805F67D001263446C7
:10CBC0001FE0074AD36A43F40033D362E1E702214E
:10CBD00005F10800FFF7EEFD0446DAE72646E0E738
:10CBE00000440258B3F5405F02D0B3F5804FE5D161
:10CBF000002C58D19D4A296E136D23F4E0430B435A
:10CC000013652B689A040BD56B6EB3F5003F64D0A7
:10CC10004BD8002B51D0B3F5803F57D00126344676
:10CC20002B685B040CD5D5F8B030B3F1005F75D03C
:10CC30005BD8002B61D0B3F1805F68D00126344609
:10CC40002B681F0411D52B6FB3F1805F6ED0B3F149
:10CC5000005F71D0002B76D1002C77D1834A296FE9
:10CC6000136D23F040530B4313652B68D8017DD51A
:10CC7000AB6C032B00F2BF80DFE803F06F6AB66F86
:10CC80007A4AD36A43F40033D362B1E7002105F155
:10CC90000800FFF78FFD0446AAE7002105F12800F0
:10CCA000FFF7FEFDF7E72646ABE723F48032B2F547
:10CCB000802F02D0B3F5403FB0D1A4B96B4A696E62
:10CCC000136D23F4E0230B431365A9E7012105F15C
:10CCD0000800FFF76FFD0446EFE7012105F128008A
:10CCE000FFF7DEFDF7E726469AE723F08052B2F120
:10CCF000804F02D0B3F1405FA0D1ACB95B4AD5F808
:10CD0000B010936D23F0E0430B43936598E7012146
:10CD100005F10800FFF74EFD0446EEE7012105F19D
:10CD20002800FFF7BDFDF7E7264689E74F4AD36A9B
:10CD300043F40033D3628FE7012105F10800FFF7C8
:10CD400039FD044688E7012634468EE726468CE7FF
:10CD5000464AD36A43F40033D362002C4ED1434A8F
:10CD6000A96CD36C23F003030B43D3642B685902E3
:10CD70004ED53F4F3B6843F480733B60FAF77CFB32
:10CD800080463B68DA053BD5002C75D1374BD5F88A
:10CD9000B4001A6F424012F4407F0BD01A6F196F23
:10CDA00022F4407241F480311967196F21F4803107
:10CDB00019671A67B0F5807F42D0D5F8B4302B4997
:10CDC00003F44072B2F5407F4BD10869294A20F440
:10CDD0007C5002EA131202430A61C3F30B03234A95
:10CDE000116F0B43136713E0022105F10800FFF7F1
:10CDF000E1FC0446B1E701263446B7E72646B5E72D
:10CE0000FAF73AFBA0EB08006428BAD903263446A7
:10CE10002B68D80709D5EB6F102B45D02ED8002BE7
:10CE200032D0082B39D0012634462B68990751D5CA
:10CE3000AB6F052B64D8DFE803F0453F5D45454502
:10CE4000FAF71AFBDFF82480074641F28839D8F850
:10CE500070309B07B1D4FAF70FFBC01B4845F6D9D9
:10CE6000D4E70A6922F47C52B6E700BF00440258B6
:10CE700000480258CFFFFF002646C9E723F008020A
:10CE8000202A01D0182BCED1A4B9204AE96F536DC6
:10CE900023F038030B435365C7E7012105F1080070
:10CEA000FFF788FC0446EFE7012105F12800FFF7B2
:10CEB000F7FCF7E72646B8E7012105F10800FFF780
:10CEC00079FC0446FCB9114AA96F536D23F007039E
:10CED0000B4353652B685A072BD5D5F89430052B97
:10CEE00000F26E81DFE813F01A00140066011A00E8
:10CEF0001A001A00012105F12800FFF7D1FCE0E734
:10CF000001263446E6E72646E4E700BF004402581F
:10CF1000012105F10800FFF74DFC0446002C40F00C
:10CF20005281AA4AD5F89410936D23F007030B435E
:10CF300093652B689B0610D5D5F89030B3F1005F50
:10CF400000F0608100F24481002B00F04A81B3F1CF
:10CF5000805F00F05081012634462B685F0610D5B3
:10CF6000D5F89C30B3F5006F00F06E8100F252816D
:10CF7000002B00F05881B3F5806F00F05E81012630
:10CF800034462B68180610D5D5F8A030B3F5804F7D
:10CF900000F07C8100F26081002B00F06681B3F527
:10CFA000005F00F06C81012634462B68190714D508
:10CFB000D5F88430B3F5805F07D1022105F1280050
:10CFC000FFF76EFC002818BF0126804AD5F88410B0
:10CFD000536D23F440530B4353652B68DA0614D585
:10CFE000D5F89830B3F5807F07D1022105F12800EC
:10CFF000FFF756FC002818BF0126744AD5F8981090
:10D00000936D23F440730B4393652B681B031BD56F
:10D01000D5F8A410B1F5803F00F04081B1F5003F94
:10D0200007D0002940F0408105F10800FFF7C2FB5E
:10D030000446002C40F03B81644AD5F8A410936D5F
:10D0400023F440330B4393652B685F030FD5D5F86A
:10D050008830B3F5001F00F03B81B3F5401F00F0AE
:10D060002D81B3F5801F00F02481012634462B6802
:10D07000D80309D52B6D002B00F03381B3F5803F29
:10D0800000F03D81012634462B68990007D5022126
:10D0900005F12800FFF704FC002818BF0126D5E998
:10D0A00000319A0340F14381D5F88000B0F5807FCC
:10D0B00000F03F8100F22C81002800F02F81012434
:10D0C000DF0206D541486E6F026D22F00042324306
:10D0D0000265DE0007D53D48D5F8B860026922F444
:10D0E000804232430261980206D53848EE6E026DE6
:10D0F00022F08072324302655A0009D5334A106922
:10D1000020F4004010611069D5F8BC603043106114
:10D11000002B06DA2D486E6DC26C22F0405232436D
:10D12000C2641F0207D5294AD5F88C00536D23F439
:10D13000400303435365CE0706D5002105F10800DF
:10D14000FFF738FB074600B927466B689C0706D5F2
:10D15000012105F10800FFF72DFB064600B93E4608
:10D160006B68580706D5022105F10800FFF722FB7E
:10D17000044600B934466B68190706D5002105F14D
:10D180002800FFF78DFB064600B926466B68DA06D5
:10D1900006D5012105F12800FFF782FB044600B9FE
:10D1A00034466B689B0600F1CA80201E18BF012020
:10D1B000BDE8F883012105F12800FFF771FBACE61B
:10D1C00001263446B5E62646B3E600BF00440258C1
:10D1D00023F08052B2F1804F03D0B3F1405F7FF46F
:10D1E000BAAEACB95B4AD5F89010536D23F0E0436A
:10D1F0000B435365B1E6002105F10800FFF7DAFAA9
:10D200000446EEE7022105F12800FFF749FBF7E7A6
:10D210002646A2E623F48062B2F5805F03D0B3F520
:10D22000406F7FF4ACAEACB94A4AD5F89C10936D10
:10D2300023F4E0530B439365A3E6002105F10800B6
:10D24000FFF7B8FA0446EEE7022105F12800FFF7E0
:10D2500027FBF7E7264694E623F40052B2F5004F89
:10D2600003D0B3F5C04F7FF49EAEACB9394AD5F8C0
:10D27000A010936D23F460430B43936595E6002162
:10D2800005F10800FFF796FA0446EEE7022105F1E2
:10D290002800FFF705FBF7E7264686E6022105F1A1
:10D2A0002800FFF7FDFAC3E601263446CCE6264601
:10D2B000CAE6284AD36A43F40033D3627CB9254ACC
:10D2C000D5F88810536D23F440130B435365CEE615
:10D2D000012105F12800FFF7E3FA0446EEE72646B0
:10D2E000C5E61C4AD36A43F40033D36274B9194AC1
:10D2F000296DD36C23F480330B43D364C4E602213D
:10D3000005F10800FFF756FA0446EFE72646BBE6AC
:10D3100020F48072B2F5007F7FF4D1AE002C7FF450
:10D32000CFAE0C4C626D22F440720243626534460B
:10D33000C6E6084FFA6A42F40032FA62EEE70221CA
:10D3400005F12800FFF7ACFA00283FF42EAF0120CA
:10D350002EE700BF0044025808B5FFF7F7F9054B68
:10D36000054A1B6AC3F30213D35C03F01F03D840C2
:10D3700008BD00BF00440258DC7101084F4970B578
:10D380008C6A8E6ACD6A16F47C3FC6F30533CA6B8D
:10D3900000F0908007EE903AC2F3CC03C5F3001280
:10D3A00004F00304B8EEE77A5343012CB7EE006AA9
:10D3B00006EE903AFAEEE96A6ED0022C5ED0002CAE
:10D3C0006AD10B689B0647D50A688B6BC2F3C10113
:10D3D0003B4AC3F30803CA4007EE902AF8EEE75A27
:10D3E000C5EE877A07EE103AB8EEC77A37EE267A9E
:10D3F00037EE067A67EE877A304A936BC3F346239B
:10D4000007EE103AB8EEC77A37EE067AC7EE876AAB
:10D41000FCEEE66AC0ED006A936BC3F3064307EEC9
:10D42000103AB8EEC77A37EE067AC7EE876AFCEE96
:10D43000E66AC0ED016A936BC3F3066306EE903AA9
:10D44000F8EEE66A76EE866A87EEA67AFCEEC77A92
:10D4500017EE903A836070BD8B6BDFED1A5AC3F301
:10D46000080307EE903AF8EEE77A77EEA67A77EEC1
:10D47000867AC5EE876A67EEA67ABDE78B6BDFED2D
:10D48000125AC3F3080307EE903AF8EEE77A77EE04
:10D49000A67A77EE867AECE78B6BDFED0C5AC3F356
:10D4A000080307EE903AF8EEE77A77EEA67A77EE81
:10D4B000867ADEE7C0E90033CCE700BF00440258BB
:10D4C0000090D0030024744C0024744B0024744A50
:10D4D0004F4970B58C6A8E6ACD6A16F07C7FC6F3B0
:10D4E00005534A6C00F0908007EE903AC2F3CC03EB
:10D4F000C5F3002204F00304B8EEE77A5343012C8D
:10D50000B7EE006A06EE903AFAEEE96A6ED0022CA7
:10D510005ED0002C6AD10B689B0647D50A680B6C5D
:10D52000C2F3C1013B4AC3F30803CA4007EE902A85
:10D53000F8EEE75AC5EE877A07EE103AB8EEC77AEA
:10D5400037EE267A37EE067A67EE877A304A136C22
:10D55000C3F3462307EE103AB8EEC77A37EE067AE1
:10D56000C7EE876AFCEEE66AC0ED006A136CC3F38F
:10D57000064307EE103AB8EEC77A37EE067AC7EEE2
:10D58000876AFCEEE66AC0ED016A136CC3F30663BA
:10D5900006EE903AF8EEE66A76EE866A87EEA67AAE
:10D5A000FCEEC77A17EE903A836070BD0B6CDFED2E
:10D5B0001A5AC3F3080307EE903AF8EEE77A77EECB
:10D5C000A67A77EE867AC5EE876A67EEA67ABDE719
:10D5D0000B6CDFED125AC3F3080307EE903AF8EE36
:10D5E000E77A77EEA67A77EE867AECE70B6CDFEDDA
:10D5F0000C5AC3F3080307EE903AF8EEE77A77EE99
:10D60000A67A77EE867ADEE7C0E90033CCE700BF82
:10D61000004402580090D0030024744C0024744B42
:10D620000024744A4F4970B58C6A8E6ACD6A16F42C
:10D630007C7FC6F305134A6B00F0908007EE903AAA
:10D64000C2F3CC0305F0010204F00304B8EEE77A5C
:10D650005343012CB7EE006A06EE903AFAEEE96AFF
:10D660004ED0022C5ED0002C6AD10B689B0667D589
:10D670000A680B6BC2F3C1013B4AC3F30803CA40FB
:10D6800007EE902AF8EEE75AC5EE877A07EE103AD1
:10D69000B8EEC77A37EE267A37EE067A67EE877AE3
:10D6A000304A136BC3F3462307EE103AB8EEC77A3D
:10D6B00037EE067AC7EE876AFCEEE66AC0ED006ACE
:10D6C000136BC3F3064307EE103AB8EEC77A37EE92
:10D6D000067AC7EE876AFCEEE66AC0ED016A136B54
:10D6E000C3F3066306EE903AF8EEE66A76EE866AD3
:10D6F00087EEA67AFCEEC77A17EE903A836070BD8B
:10D700000B6BDFED1A5AC3F3080307EE903AF8EEFD
:10D71000E77A77EEA67A77EE867AC5EE876A67EEC5
:10D72000A67ABDE70B6BDFED125AC3F3080307EED1
:10D73000903AF8EEE77A77EEA67A77EE867AECE71B
:10D740000B6BDFED0C5AC3F3080307EE903AF8EECB
:10D75000E77A77EEA67A77EE867ADEE7C0E90033DD
:10D76000CCE700BF004402580090D0030024744A64
:10D770000024744B0024744C1FB5A0F580730B4338
:10D7800019D19E4B1A6D02F00702042A31D8DFE846
:10D7900012F02000D40005005D014500186810F06B
:10D7A000005005D0002301A80193FFF791FE0198D6
:10D7B00005B05DF804FBA0F500730B431BD18F4B44
:10D7C0001A6D02F4E072802AE8D00CD8002A40F0EA
:10D7D000B480186810F00070EAD0002301A802930A
:10D7E000FFF720FFFAE0C02A00F03081B2F5807F19
:10D7F00014D00020DCE7A0F580630B432DD17F4BD4
:10D800009A6D02F46002B2F5800FC7D0DED9B2F58E
:10D81000C00F00F01B81B2F5000FE9E7DA6C196860
:10D8200002F04052480706D52AB91B68C3F3C1036A
:10D830007348D840BCE7714B1968C90503D5B2F1EC
:10D84000805F00F00581186810F40030B0D0B2F1AC
:10D85000005F6C4818BF0020AAE7A0F500630B43E7
:10D860001FD1664B9A6D02F0E062B2F1007F95D055
:10D87000ACD9B2F1407F00F0E980B2F1806FB8D14D
:10D88000DA6C196802F040521B68480701D5002A7B
:10D89000CCD0D90503D5B2F1805F00F0D980574BC9
:10D8A000D1E7A0F580530B430FD1544B1A6D02F40E
:10D8B000E042B2F5005F3FF471AF87D9B2F5405F47
:10D8C00000F0C480B2F5804FD9E7A0F500530B43B8
:10D8D00022D14A4A136D03F4E023B3F5403F7FD0D1
:10D8E0000ED8B3F5803F00F0A680B3F5003F6BD0B3
:10D8F000002B7FF47EAF05B05DF804EBFEF748BF68
:10D90000B3F5802F73D0B3F5A02F7FF472AF1068FA
:10D910003C4B10F400306EE0A0F500230B4321D106
:10D92000364B9A6D02F44032B2F5803F10D0B2F51A
:10D93000003FA5D0002A7FF45CAF186810F00060AB
:10D940003FF436AF002301A80193FFF717FD2EE740
:10D95000186810F000503FF42BAF01A8FFF7B8FD96
:10D96000039825E7A0F580330B430DD1234BDA6CE8
:10D970001868D3037FF52EAF10F000603FF418AFA6
:10D9800001A8FFF7FBFCEBE7A0F580430B433DD17B
:10D990001A4A936D03F0E043B3F1405F20D00DD8F5
:10D9A000B3F1805F47D0B3F1005F0DD0002B7FF45F
:10D9B00020AF05B05DF804EBFFF7CEBCB3F1804FAC
:10D9C00015D0B3F1A04FA0E7106810F000503FF45D
:10D9D000EFAE002301A80293FFF77AFD0298E7E675
:10D9E000106810F004003FF4E3AE13681EE71068FF
:10D9F000054B10F4807018BF1846D9E60044025851
:10DA00000090D0030024F40000093D00A0F5004080
:10DA100008437FF4EEAE0F4A136D03F04053B3F1A9
:10DA2000805F06D0B3F1005F05D0002B7FF4E1AE3C
:10DA30006DE71068CEE6106810F000603FF4B8AEF5
:10DA4000002301A80293FFF799FCC7E70248AFE65D
:10DA50000248ADE6004402580080BB0000093D00CA
:10DA60000129416C42680CBF09230123082905D113
:10DA700022F00201012908BF43F01003023A012AF3
:10DA800094BF43F0600043F0040070470E4B014622
:10DA90001A6841F6583310B5B2FBF3F204689200ED
:10DAA000236823F4803323603AB9D1F894300320FB
:10DAB00043F04003C1F8943010BD2068013A10F4DF
:10DAC0008030F1D1F8E700BF640100242DE9F8436C
:10DAD000044618B901273846BDE8F883F9F7E4FC95
:10DAE00094F838202368012ADFF8F4820AD14345EC
:10DAF00002D0B04A9342EDD16268012AEAD1626C49
:10DB0000002AE7D1434518D0AB4A934215D002F51D
:10DB10007872934237D02032934234D002F5787233
:10DB2000934232D0203293422FD0A24A934202D065
:10DB300020329342CED1A14D00E0A14D94F8913016
:10DB400003F0FF0223B9204684F89020F7F76CFA1F
:10DB50002046FFF79BFF07460028BBD1022384F82D
:10DB60009130E368012B12D09A1E534253415B015E
:10DB7000A268013A042A0CD8DFE812F016010D0160
:10DB80000B01100113018F4DD8E78F4DD6E71023FD
:10DB9000EEE700262B60236A002B57D0236843450D
:10DBA00003D0854A934240F002814FF480700021F7
:10DBB000FFF7E2FD2368854A934202D02032934268
:10DBC00004D14FF400700021FFF7D6FD2368804A8E
:10DBD000934202D02032934204D14FF400700021CE
:10DBE000FFF7CAFD2268734B9A4204D14FF480605C
:10DBF0000021FFF7C1FD2268764B9A4204D14FF411
:10DC000000600021FFF7B8FDA369626CB3F5002F37
:10DC1000D4F820C040F0EB80042A00F0E380082A0A
:10DC200000F0E280636D0A210CFB03F34143B1FB7A
:10DC3000F3F00A21B0FBF1F301FB1300092808BF40
:10DC40000133042A636204BF5B0863626268236D68
:10DC500032F0020240F0DA80B3F1010918BF4FF050
:10DC60000109F9F721FC636A8446616C1805BCF56B
:10DC7000005F4FEA4929D4E9003242EA0102A16C6F
:10DC8000D3F800C042EA0102E16C42EA0102E16A13
:10DC900042EA0102616941EA0201A26941EA020124
:10DCA000A26A41EA0201C0F0B7804B4A0CEA0202C4
:10DCB0001A601A68104322690243434542EA01028E
:10DCC00042EA060242EA09021A605A68206B22F40C
:10DCD000604222F00F025A60E269596842EA00028B
:10DCE000606B42EA0002E06D42EA01025A603B4A80
:10DCF000996802EA01029A60626E996842EA00023B
:10DD0000206E42EA000242EA0102616D01F1FF3138
:10DD100042EA0102A16D01F1FF3142EA01229A605B
:10DD2000DA6822F47D6222F00F024FEA02424FEAE3
:10DD30001242DA60D968D4E91A2042EA000242EAC3
:10DD40000102616F42EA0142216F01F1FF3142EAB3
:10DD50000122DA6002D0174A934211D16B6C23F092
:10DD600001036B6494F83830012B09D1E36B5A1E20
:10DD7000236C43EA02136B646B6C43F001036B6426
:10DD800000230122C4F8943084F8903084F8912064
:10DD9000A1E643F001034FF40066FBE643F0020303
:10DDA000F9E743F00303F6E74FF48066F2E600205C
:10DDB00000E700BF045400582458014000540058A4
:10DDC00000580140005C014000600140045C0140DB
:10DDD000046001402454005810C005F00080F8FF92
:10DDE0000458014040231EE74FF480731BE7A36AE9
:10DDF0000A21B3F1806F01FB00F014BF012302235D
:10DE00000CFB03F31B02B0FBF3F012E7013BD3F171
:10DE1000000949EB030924E7024A0CEA02021A60EE
:10DE20001A6849E710C005F8022970B405D9CC1E5C
:10DE3000012C58D9012070BC704744680025036745
:10DE400024F002044564C564641B856618BF012480
:10DE500004654FF48034C4654FF6FF74446713F0D3
:10DE60000104E7D1D9B94FF4802401664466032A3E
:10DE7000E0D8DFE802F002181D2D5B0840245D01A8
:10DE80001B0180260229C4668664C0E9155303D1AC
:10DE9000012A26D11023836670BCFFF717BE4FF40A
:10DEA00000350566E2E75B0880249D015B01E8E739
:10DEB000C0225B08022982644FEA83124FEA4313AF
:10DEC000426583654FF08003C366E5D10823E2E72E
:10DED000E0225B0882649A015B01426583658023CE
:10DEE00028E0022AF1E7446804294FF400364FF095
:10DEF000000524F0020414BF0D2101214564B4FA89
:10DF000084F4C564C56564098566036704654FF4D8
:10DF100080248165C0E918644FF6FF744467032AC2
:10DF200088D8DFE802F002090F141B018022436544
:10DF300040238264C366AFE780225B01826443654D
:10DF4000C266A9E7C0225B0182644365C7E7E0229D
:10DF5000F9E700002DE9F0410E4604461546F9F7B1
:10DF60008BFA074656B34DB394F89130012BDAB2D1
:10DF700054D194F89030012B50D04FF00008122368
:10DF8000D4F880003146C4F8948084F89130244B52
:10DF900084F89020A4F87C50A4F87E50A66703640F
:10DFA000204B2268C363204B1C32C0E913382B4638
:10DFB000FAF7D2FD054628B184F89080012528465D
:10DFC000BDE8F08101462046FFF74AFD23681A6943
:10DFD00002431A611A6842F400321A6023685E69CB
:10DFE00016F4E0260AD01A68D20303D41A6842F461
:10DFF00080321A60002384F89030E0E7F9F73CFAA9
:10E00000C01BB0F57A7FE9D9D4F89430032584F8A1
:10E01000906043F04003C4F89430D0E70225CEE787
:10E0200009E10008CFE0000857E1000813460A465E
:10E0300070B5044639B333B390F891100129C8B2D2
:10E040003BD194F89010012937D00026222184F882
:10E050009000C4F89460D4F8840084F891101849B2
:10E06000A267A4F87C30A4F87E3001641549C1632E
:10E070001549C0E9131621681C31FAF76DFD0546F4
:10E0800020B184F890600125284670BD01462046E5
:10E09000FFF7E6FC23681A6902431A611A6842F422
:10E0A00000321A601A68D20303D41A6842F480322C
:10E0B0001A60002384F89030E6E70225E4E700BF09
:10E0C0004BE1000813E1000857E10008704738B53C
:10E0D000C369846BB3F5807F11D025680021204689
:10E0E0002B68A4F87E1023F400332B60FFF7B8FCF4
:10E0F0002B6923EA00032B61012384F89130204629
:10E10000FFF7E4FF38BD7047806B08B5FFF7FBFFF2
:10E1100008BD38B5C369846BB3F5807F11D025681D
:10E12000002120462B6823F400332B60A4F87E10D6
:10E13000FFF796FC2B6923EA00032B61012384F887
:10E1400091302046F7F742F838BD806B08B5F7F7F5
:10E150001BF808BD704710B5846BFBF760F9022807
:10E1600016D0D4F894302046226843F08003C4F8D7
:10E170009430136823F400331360FFF787FC012306
:10E18000204684F891300023A4F87E30FFF7E2FFA8
:10E1900010BD000038B50D460446F0B190F82C30A3
:10E1A00003F0FF021BB980F82D20F7F7D5F8022302
:10E1B000211D206884F82C3001F0A8F962682946F6
:10E1C000206801F0D9F9064A0020136843F00043A3
:10E1D0001360012384F82C3038BD0120FCE700BF18
:10E1E0000040005270B590F82C3005460E46022BC8
:10E1F000D8B210D000F0FB04012C10D10223286803
:10E2000085F82C3001F0EEF93368022B04D1052398
:10E2100085F82C30002070BD85F82C40FAE70120ED
:10E22000F9E738B590F82C300446022BD8B20DD05F
:10E2300094F82C30012BDDB209D10223206884F838
:10E240002C3001F0E1F9002084F82C5038BD012079
:10E25000FCE770477047036870B5DD6804461E69C7
:10E26000B2070DD5A9070BD56FF002021A61012282
:10E2700002779B699A0775D001F017F9002323777D
:10E28000730710D568070ED523686FF00402204687
:10E290001A61022222779B6913F4407F68D001F053
:10E2A00004F90023237731070FD52A070DD52368FA
:10E2B0006FF0080220461A6104222277DB699B076F
:10E2C0005CD001F0F2F800232377F10610D5EA06BE
:10E2D0000ED523686FF0100220461A6108222277BB
:10E2E000DB6913F4407F4FD001F0DFF80023237780
:10E2F000F30708D5E80706D523686FF0010220462A
:10E300001A6101F0AFF816F4025F08D0290606D5AD
:10E3100023686FF4025220461A6100F0C2F8F20539
:10E3200008D52B0606D523686FF4807220461A6143
:10E3300000F0B8F8700608D5690606D523686FF0B6
:10E34000400220461A61FFF785FFB20622D5AB06D0
:10E3500020D523686FF0200220461A61BDE8704086
:10E3600000F09EB801F09FF82046FFF772FF85E7A6
:10E3700001F099F82046FFF76CFF92E701F093F85F
:10E380002046FFF766FF9EE701F08DF82046FFF775
:10E3900060FFABE770BD0000274A0368904212D0CF
:10E3A000B0F1804F0FD0A2F57C4290420BD002F525
:10E3B0008062904207D002F58062904203D002F55D
:10E3C0007842904208D123F070034A68134323F443
:10E3D0004073CA6813430AE0184A9042F7D002F526
:10E3E00080629042F3D002F580629042EFD04A6999
:10E3F00023F0800313438A68C2620A6882620E4A6D
:10E4000090420FD002F5806290420BD002F570521C
:10E41000904207D002F58062904203D002F58062FC
:10E42000904201D10A690263026842F0040202606C
:10E43000012242610360704700000140004001403A
:10E4400010B5044650B390F83D3003F0FF021BB9FD
:10E4500080F83C2002F0DEFD02232068211D84F8B4
:10E460003D30FFF799FF0123002084F8483084F8FD
:10E470003E3084F83F3084F8403084F8413084F8EE
:10E48000423084F8433084F8443084F8453084F8CE
:10E49000463084F8473084F83D3010BD0120FCE759
:10E4A000704770477047000010B5026852E8003F9F
:10E4B00023F4907342E8003102680029F5D10F4C33
:10E4C00002F1080353E8003F234002F1080C4CE836
:10E4D00000310029F4D1C36E012B07D152E8003F6F
:10E4E00023F0100342E800310029F7D12023C0F8BF
:10E4F0008C300023C366436710BD00BFFEFFFFEFF3
:10E50000026852E8003F23F0800342E800310268CD
:10E510000029F5D152E8003F43F0400342E80031C2
:10E520000029F7D17047D0F888200346212A11D15D
:10E53000B0F8562092B20AB9FFF7E2BF026D016847
:10E5400012F8010B88621A65B3F85620013A92B2AC
:10E55000A3F856207047D0F888200346212A13D10B
:10E56000B0F8562092B20AB9FFF7CABF1A6D006818
:10E5700032F8021BC1F3080181621A65B3F8562014
:10E58000013A92B2A3F856207047D0F88830212B78
:10E5900010B51BD1B0F86A20C2B1B0F856100368AC
:10E5A00089B2A1B903F1080252E8002F22F4000257
:10E5B00003F1080040E800210029F3D153E8002FBF
:10E5C00042F0400243E800210029F7D110BDD9698B
:10E5D00009060AD5016D11F8014B9C62B0F856305E
:10E5E0000165013B9BB2A0F85630013A92B2D3E7E5
:10E5F000D0F88830212B10B51BD1B0F86A20C2B1F9
:10E60000B0F85610036889B2A1B903F1080252E8C4
:10E61000002F22F4000203F1080040E80021002945
:10E62000F3D153E8002F42F0400243E800210029D3
:10E63000F7D110BDD96909060CD5016D31F8024B2F
:10E64000C4F308049C62B0F856300165013B9BB2EC
:10E65000A0F85630013A92B2D1E70000D0F88830E5
:10E66000202B10B543D1002943D0002A41D0A0F877
:10E6700056200023A0F85420426EC0F89030212389
:10E68000B2F1005F0165C0F888300268836819D173
:10E69000B3F5805F14D10469174B1849002C18BFDB
:10E6A0000B46836702F1080353E8003F43F400037D
:10E6B00002F1080040E800310029F3D1002010BD2C
:10E6C0000E4BEEE7B3F5805F0FD104690C4B0D499B
:10E6D000002C18BF0B46836752E8003F43F08003CD
:10E6E00042E800310029F7D1E8E7064BF3E70220C2
:10E6F000E5E70120E3E700BFF1E500088BE500084E
:10E7000057E5000827E5000808B5806B0023A0F84E
:10E710005E3002F015FD08BD7047000003682DE96A
:10E72000F041D96940F60F061A68044631429D68E7
:10E7300010D18E0640F1978002F0200605F0805738
:10E740003E4300F09080436F002B00F08580BDE8D1
:10E75000F0411847A64EA7482E401040304300F025
:10E760008280CF0709D5D00507D501201862D4F8DB
:10E77000900040F00100C4F890008F0709D5E80729
:10E7800007D502201862D4F8900040F00400C4F8C5
:10E7900090004F0709D5E80707D504201862D4F880
:10E7A000900040F00200C4F890000F070BD502F073
:10E7B0002000304307D008201862D4F8900040F0C1
:10E7C0000800C4F890000E050AD5500108D54FF492
:10E7D00000601862D4F8903043F02003C4F8903001
:10E7E000D4F89030002B37D08B0609D502F02002E8
:10E7F00005F080552A4303D0636F0BB1204698473C
:10E8000026682046D4F89020B36802F0280203F06E
:10E81000400353EA020521D0FFF746FEB3685F06C6
:10E8200017D5226802F1080353E8003F23F04003A4
:10E83000083242E800310029F3D1D4F8800040B119
:10E840006D4B0365FAF788FB30B1D4F88000036D97
:10E850007DE7204602F074FCBDE8F08102F070FC18
:10E86000C4F89050F8E7E06E012840F0B580CE067D
:10E8700040F1B280D00640F1AF801022B4F85C00C5
:10E880001A629A68520677D5D4F880505B492A6894
:10E890008A421ED018318A421BD018318A4218D0C1
:10E8A00018318A4215D018318A4212D018318A4262
:10E8B0000FD018318A420CD018318A4209D001F5A4
:10E8C00056718A4205D018318A4202D018318A42E4
:10E8D000FFD0516889B2002943D0814241D2EA6910
:10E8E000A4F85E10B2F5807F2FD053E8002F22F4F9
:10E8F000807243E800210029F7D103F1080252E8B1
:10E90000002F22F0010203F1080040E80021002955
:10E91000F3D103F1080252E8002F22F0400203F184
:10E92000080040E800210029F3D12022C4F88C20FF
:10E93000E16653E8002F22F0100243E8002100298D
:10E94000F7D1D4F88000FAF7F3F90223B4F85C1099
:10E950002367B4F85E30C91A89B22046FFF7DCFE9F
:10E960007AE781427FF478AFEB69B3F5807F7FF47B
:10E9700073AF02232367F0E7B4F85E20B4F85E10AB
:10E9800092B289B200293FF467AF801A81B20029A0
:10E990003FF462AF53E8002F22F4907243E8002066
:10E9A0000028F7D1164D03F1080252E8002F2A4043
:10E9B00003F1080646E800200028F4D12022606711
:10E9C000C4F88C20E06653E8002F22F0100243E8E0
:10E9D00000200028F7D1CCE7CF0213D56E0211D565
:10E9E0004FF4801220461A62BDE8F04102F03CBCB0
:10E9F000010000102001000409E700081000024097
:10EA0000FEFFFFEF08060BD502F0800005F40005BD
:10EA1000284305D0A36F002B3FF41EAF204696E697
:10EA20004F0611D556060FD553E8002F22F04002AD
:10EA300043E800210029F7D120232046A167C4F82C
:10EA4000883002F079FB07E70D0206D5500004D5A7
:10EA50002046BDE8F04100F06EBBCB017FF5FCAE77
:10EA6000002ABFF6F9AE2046BDE8F04100F062BBD7
:10EA7000D0F88C20222A08B5036857D15B6AB0F819
:10EA80006010826D0B401370836D01338365B0F8A5
:10EA90005E30013B9BB2A0F85E30B0F85E309BB2B6
:10EAA000002B42D1026852E8003F23F4907342E801
:10EAB000003103680029F5D103F1080252E8002F64
:10EAC00022F0010203F1080C4CE800210029F3D1E7
:10EAD00020224167C0F88C20174A0167934205D174
:10EAE000C26E012A0ED002F023FB1EE05A6811020A
:10EAF000F6D553E8002F22F0806243E80021002978
:10EB0000F7D1EDE70022C26653E8002F22F0100291
:10EB100043E800210029F7D1DA69D20601D5102295
:10EB20001A62B0F85C10FFF7F7FD08BD9A6942F071
:10EB300008029A61F9E700BF000C0058D0F88C2059
:10EB4000222A08B5036854D1596AB0F860201140F0
:10EB5000826D22F8021B8265B0F85E20013A92B203
:10EB6000A0F85E20B0F85E2092B2002A40D153E8AF
:10EB7000002F22F4907243E800210029F7D103F11D
:10EB8000080252E8002F22F0010203F1080C4CE8C1
:10EB900000210029F3D120224167C0F88C20174AB8
:10EBA0000167934205D1C26E012A0ED002F0C0FA6D
:10EBB0001EE05A681102F6D553E8002F22F0806259
:10EBC00043E800210029F7D1EDE70022C26653E8AF
:10EBD000002F22F0100243E800210029F7D1DA6962
:10EBE000D20601D510221A62B0F85C10FFF794FD2E
:10EBF00008BD9A6942F008029A61F9E7000C0058D2
:10EC000003682DE9F047DD690446D3F800809E686B
:10EC1000D0F88C20222A40F0B780B0F86830002B62
:10EC200000F08D80B0F860704FF0000906F001062A
:10EC30004FF0040AAB0640F182802368A26D5B6A44
:10EC40003B401370A36D0133A365B4F85E30013B04
:10EC50009BB2A4F85E302368DD6968072AD0E90713
:10EC60000AD518F4807F07D001221A62D4F89020C8
:10EC700042F00102C4F89020AA0708D53EB1022252
:10EC80001A62D4F8902042F00402C4F89020680779
:10EC900008D53EB1C3F820A0D4F8903043F0020369
:10ECA000C4F89030D4F8903023B1204602F048FAEE
:10ECB000C4F89090B4F85E309BB2002BBAD12268B1
:10ECC00052E8003F23F4807342E8003123680029B2
:10ECD000F5D1304803F1080252E8002F024003F159
:10ECE000080545E800210029F4D120226167C4F815
:10ECF0008C20294A216793420AD05A68110207D50D
:10ED000053E8002F22F0806243E800210029F7D168
:10ED1000E26E012A34D10022E26653E8002F22F08D
:10ED2000100243E800210029F7D1DA69D20601D5A3
:10ED300010221A62B4F85C102046FFF7EDFCB4F81C
:10ED40005E309BB2D3B1B4F868209A4216D92268DB
:10ED500002F1080353E8003F23F08053083242E8F1
:10ED6000003122680029F2D10C4B636752E8003F62
:10ED700043F0200342E800310029F7D1BDE8F087D5
:10ED8000204602F0D5F9DAE79A6942F008029A6162
:10ED9000F4E700BFFEFFFFEF000C005871EA000827
:10EDA00003682DE9F047DD690446D3F800809E68CA
:10EDB000D0F88C20222A40F0B480B0F86830002BC4
:10EDC00000F08A80B0F860704FF0000906F001068C
:10EDD0004FF0040AAB067FD52368A26D596A39400B
:10EDE00022F8021BA265B4F85E20013A92B2A4F8A0
:10EDF0005E20DD6968072AD0E9070AD518F4807F0C
:10EE000007D001221A62D4F8902042F00102C4F81F
:10EE10009020AA0708D53EB102221A62D4F89020A9
:10EE200042F00402C4F89020680708D53EB1C3F848
:10EE300020A0D4F8903043F00203C4F89030D4F806
:10EE4000903023B1204602F07BF9C4F89090B4F8DA
:10EE50005E309BB2002BBDD1226852E8003F23F404
:10EE6000807342E8003123680029F5D12F4803F16F
:10EE7000080252E8002F024003F1080545E800218E
:10EE80000029F4D120226167C4F88C20284A216728
:10EE900093420AD05A68110207D553E8002F22F096
:10EEA000806243E800210029F7D1E26E012A34D1C3
:10EEB0000022E26653E8002F22F0100243E800210E
:10EEC0000029F7D1DA69D20601D510221A62B4F806
:10EED0005C102046FFF720FCB4F85E309BB2D3B143
:10EEE000B4F868209A4216D9226802F1080353E860
:10EEF000003F23F08053083242E8003122680029A5
:10EF0000F2D10C4B636752E8003F43F0200342E824
:10EF100000310029F7D1BDE8F087204602F008F95A
:10EF2000DAE79A6942F008029A61F4E7FEFFFFEF20
:10EF3000000C00583DEB000810B590F88430012B10
:10EF40001ED0012380F884302423C0F88830026862
:10EF500052E8003F23F00C0342E800340168002C23
:10EF6000F5D151E8002F42F0080241E80023002BC0
:10EF7000F7D1202280F88430C0F88820184610BDD0
:10EF80000220FCE710B590F88430012B1ED001233D
:10EF900080F884302423C0F88830026852E8003FAB
:10EFA00023F00C0342E800340168002CF5D151E84D
:10EFB000002F42F0040241E80023002BF7D1202269
:10EFC00080F88430C0F88820184610BD0220FCE785
:10EFD000D0F88820D0F88C001043704730B5816598
:10EFE00000238168A0F85C20B1F5805FA0F85E2066
:10EFF000436731D10369002B40F2FF1318BFFF2391
:10F00000A0F860300023C0F890302223C0F88C3084
:10F01000016801F1080353E8003F43F001030831A0
:10F0200041E800340368002CF2D1456E8468B5F1E4
:10F03000005F016935D1B0F86850954231D8B4F518
:10F04000805F29D1C1B1264A426753E8002F42F4BC
:10F05000807243E8002121E029B90369002B0CBF2D
:10F06000FF237F23CCE7B1F1805FC9D10369002B77
:10F070000CBF7F233F23C3E71A4A426703F108020C
:10F0800052E8002F42F0805203F1080040E80021CE
:10F090000029F3D1002030BD114A42670029D4D1A4
:10F0A000ECE7B4F5805F16D151B10F4A426753E8DF
:10F0B000002F42F4907243E800210029F7D1E9E7DC
:10F0C0000A4A426753E8002F42F0200243E8002139
:10F0D0000029F7D1DEE7044A42670029E7D1F1E7CA
:10F0E00001EC0008A1ED000871EA00083DEB000802
:10F0F00038B5D0F88C30202B16D1B9B1B2B100237D
:10F100000468C3660A4B9C420AD063681B0207D599
:10F1100054E8003F43F0806344E80035002DF7D108
:10F12000FFF75CFF002038BD0220FCE70120FAE772
:10F13000000C005870477047836810B504462BB127
:10F140000322014698470023C4E9023310BD0000A2
:10F15000294A0346904233D0B0F1804F32D0A2F515
:10F160007C42904230D002F5806290422ED002F56F
:10F17000806290422CD002F5806290422AD002F543
:10F180008062904228D002F57042904226D04FF61D
:10F19000FF701A4A934223D0194A934222D0194A47
:10F1A000934221D0184A934220D0184A93421FD04C
:10F1B000174A93421ED04FF6FF7398421BD1FEE7C9
:10F1C0000020E6E70120E7E70220E8E70320E9E77F
:10F1D0000420EAE70520EBE70620ECE7072070476C
:10F1E00008207047092070470A2070470B2070479D
:10F1F0000C2070470D2070470000014000180040AF
:10F20000001C00400020004000400140004401403C
:10F2100000480140014670B5044651F8100FFFF751
:10F2200097FF0546084604F1640601F089FD0023B6
:10F23000074A42F8253004F1B405E360B54204D032
:10F24000103D2846F6F743FAF8E7204670BD00BFA8
:10F2500018180024F8B504460846FFF779FF23691B
:10F2600003B1FEE704F10C021A4D04F1100604F19B
:10F27000B40745F820200E2204F1640530462161D0
:10F2800084F82C30A36484F84C3084F84D30E4606A
:10F29000C4E90C33C4E90E33C4E91033C4E91723BD
:10F2A00001F048FC28461035FFF746FFBD42F9D172
:10F2B00000234FF6FF723046A3606361C4E9003358
:10F2C000C4E90632C4E908338023A362BDE8F840EC
:10F2D000FFF7B6B818180024034B186810B10430B3
:10F2E000FEF7B9BF704700BF18180024FFF7F4BF3E
:10F2F000034B586810B10430FEF7ADBF704700BF34
:10F3000018180024034B986810B10430FEF7A3BF0F
:10F31000704700BF18180024034BD86810B10430A0
:10F32000FEF799BF704700BF18180024034B1869F7
:10F3300010B10430FEF78FBF704700BF18180024CB
:10F34000034B586910B10430FEF785BF704700BF0A
:10F3500018180024034B986910B10430FEF77BBFE6
:10F36000704700BF1818002410B5074CE06910B1B1
:10F370000430FEF770FF606A20B10430BDE8104031
:10F38000FEF769BF10BD00BF18180024034BD869F1
:10F3900010B10430FEF75FBF704700BF181800249B
:10F3A000034B186A10B10430FEF755BF704700BF19
:10F3B00018180024034B986A10B10430FEF74BBFB5
:10F3C000704700BF18180024034BD86A10B10430EE
:10F3D000FEF741BF704700BF18180024034B186B9D
:10F3E00010B10430FEF737BF704700BF1818002473
:10F3F000034B586B10B10430FEF72DBF704700BFB0
:10F40000181800240022C0E90022C0E90222704737
:10F41000F8B504460E4600F1640500F1B40728462D
:10F420001035FFF7EFFFBD42F9D1002320463146EA
:10F430002361FFF70FFF2046F8BD826810B50AB9B7
:10F4400006F054FDC368BDE81040184708B500B980
:10F45000FEE701F06DFB0068C36E13B16430FFF787
:10F46000ECFF08BDFFF7F2BF10B500B9FEE7037F60
:10F47000013B072B10D8DFE803F004140F100F0F27
:10F480000F120124240101F053FB0068643420446E
:10F4900083680BB1FFF7D1FF10BD0324F2E704240A
:10F4A000F0E70224EEE7FFF7DFBFFFF7DDBF04F070
:10F4B000B9B804F0BFB800000A490346086810B59F
:10F4C0000344EFF30882934205D9074B0C224FF017
:10F4D000FF301A6010BD054A054C121B9342F4D24E
:10F4E0000B60F7E708010024702A002400000824BC
:10F4F00000040000FEE70000024B16224FF0FF3030
:10F500001A607047702A0024012070472DE9F041ED
:10F51000D1E9012CD1E90738D1F824E043EA080306
:10F52000D1E90376D1E90554096881B943EA0E03AC
:10F53000016813436FF30E0143EA0C033B4333436B
:10F540002B4323430B4303600020BDE8F081016897
:10F5500043EA0E0321F4F8410B43036042EA0C0333
:10F5600041683B4321F4FF42334322F07F022B43A7
:10F57000234313434360E7E7CB6803F1FF3C4B6948
:10F58000F0B5013B4C688F680E691B058D69013C25
:10F59000013F013E013D096824013F020139360463
:10F5A0002D0643EA0C335AB90B438268234302F019
:10F5B00070423B4333432B43134383600020F0BD31
:10F5C000826822F4700222F470421343836044EA9A
:10F5D0000703C2680B4302F0704233432B431343CB
:10F5E000C360EBE710B5D1E9003402692343CC686E
:10F5F0006FF3150243EA442313438A68013A43EA4E
:10F6000042130361002010BD43696FF34D0343EAC9
:10F61000410343610020704782B0002302460193FA
:10F62000019B01330193019BB3F1706F15D81369EE
:10F63000002BF5DA00230193136943F001031361F2
:10F64000019B01330193019BB3F1706F05D81069E1
:10F6500010F00100F4D102B070470320FBE784B042
:10F6600038B505AD044685E80E009DF81930012B2C
:10F6700031D1836B23F480338363C36823F4840321
:10F6800023F04003C360C36823F44013C3609DF8B4
:10F690002030012B03D1C36843F48013C36020469C
:10F6A000FFF7BAFF9DF81630012B10D1E36D9BB226
:10F6B000E365E36D43F07B7343F40033E365A368D4
:10F6C00043F00603A360A36843F02003A360BDE8F2
:10F6D000384004B07047C36843F04003C360FFF78D
:10F6E0009BFF9DF81D3023B9A36B43F48033A363C4
:10F6F000D8E7A36B23F48033F9E70000022A4AD14C
:10F70000274B284A0B44934239D9274B274A0B44AD
:10F71000934236D9A1F57403254AA3F510539342B9
:10F7200031D9A1F18373234AA3F5E74393422CD344
:10F73000214B224A0B44934229D9214B214A0B44A5
:10F74000934226D3204B214A0B44934223D3A1F169
:10F75000B7731F4AA3F5585393421ED31D4B1E4A3D
:10F760000B4493422CBF06230723C26822F4705235
:10F77000C260C26842EA8323C360002070470F233F
:10F78000F3E70E23F1E70D23EFE70C23EDE70B235F
:10F79000EBE70A23E9E70923E7E70823E5E700BFEA
:10F7A000405327FFFF340C00401E1BFF3F420F0059
:10F7B0007F4F120020D6130060B6E5FE5FE316000F
:10F7C00000D3CEFE40771B00C05BB3FEC09121008A
:10F7D00020753800E05459FEE09C4100836843F0F6
:10F7E0000103836000207047836823F00103836076
:10F7F0000020704738B5C368012905460C4623F040
:10F80000C043C36013D1C368002443F00053C360F6
:10F810000A200A34F7F736FE6B69D90702D4C82CE0
:10F82000F6D1C824A4F1C8035842584138BD69B97B
:10F83000C36843F08043C3600A200A34F7F722FE0E
:10F840006B69DA07EED5C82CF6D1EAE70120EDE7BF
:10F8500082B0002302460193019B01330193019B77
:10F86000B3F1706F15D81369002BF5DA8901002305
:10F8700041F0200101931161019B01330193019B30
:10F88000B3F1706F05D8106910F02000F4D102B008
:10F8900070470320FBE782B0002302460193019BDF
:10F8A00001330193019BB3F1706F13D81369002BDF
:10F8B000F5DA0023019310231361019B01330193B7
:10F8C000019BB3F1706F05D8106910F01000F4D1EE
:10F8D00002B070470320FBE7D0F800381943C0F8A6
:10F8E000001800207047000084B02DE9F84304465A
:10F8F00009A880E80E0000239DF824609DF82E5092
:10F90000194603F14002013304EB82020F2B5160D0
:10F91000F7D104F50067002D6CD17B6843F002033A
:10F920007B60A36B23F40013A363236843F04003BD
:10F930002360236843F0800323600023C4F8003E63
:10F940009DF82930012B5CD19DF82710002956D154
:10F9500020464FF67F38FFF7BFFF10212046FFF704
:10F9600077FF01462046FFF796FF0843002304F582
:10F970001062C0B24FF0904C19464FF0006E003844
:10F980003B617B6118BF0120FB619E423BD8002296
:10F9900004F530634FF0904C4FF0006E11464FF677
:10F9A0007F38964242D83B6923F480733B61002341
:10F9B000A3616FF0804363619DF826301BB9A36992
:10F9C00043F01003A361A269224B1343A3619DF886
:10F9D0002A301BB1A36943F00803A361012D05D1AF
:10F9E000A36943F0804343F00403A361BDE8F843F7
:10F9F00004B07047A36B43F40013A3639DE719465B
:10FA0000A6E70321A4E7D2F80090B9F1000F0BDAC2
:10FA10003BB9C2F800E011610133C2F8088020321E
:10FA2000B3E7C2F800C0F6E71160F4E7D3F800903E
:10FA3000B9F1000F0BDA3AB9C3F800E019610132ED
:10FA4000C3F808802033ACE7C3F800C0F6E71960BC
:10FA5000F4E700BF00383C80D0F8083813F0060007
:10FA600004D013F0020F14BF02200F20704730B5EE
:10FA70000C78012200F5006304F00F0500EB441040
:10FA8000AA404D78012D19D1DD692A43DA61D0F8F9
:10FA900000391A0410D48A68D0F80059C2F30A0356
:10FAA0000A792B4343EA824343EA845343F0805369
:10FAB00043F40043C0F80039002030BDDC6944EA5B
:10FAC0000242DA61D0F8003B1B04F5D48B68D0F811
:10FAD000002BC3F30A0313430A7943EA824343F03A
:10FAE000805343F40043C0F8003BE5E710B50A78C3
:10FAF000497800EB421300F50060012902F00F0283
:10FB000022D1D3F8001900290BDAD3F8001941F0FB
:10FB10000061C3F80019D3F8001941F08041C3F81F
:10FB200000190121C46B01FA02F224EA0204C46341
:10FB3000C16921EA0202C261154AD3F800190A40DC
:10FB4000C3F80029002010BDD3F8001B00290BDAF0
:10FB5000D3F8001B41F00061C3F8001BD3F8001B71
:10FB600041F08041C3F8001B4FF48031C46B01FAAF
:10FB700002F224EA0204C463C16921EA0202C261FA
:10FB8000044AD3F8001B0A40C3F8002BDAE700BF91
:10FB9000007833EC0078F3EF002382B04A780193C9
:10FBA000012A0B784FEA43131ED100F51060C258AA
:10FBB000C118002A02DB002002B07047C25842F090
:10FBC0000062C250C25842F08042C25042F21072EB
:10FBD000019B01330193019B934201D90120EBE783
:10FBE0000B68002BF4DBE6E700F53060C258C11863
:10FBF000002AE0DAC25842F00062C250C25842F015
:10FC00008042C25042F21072019B01330193019B6A
:10FC10009342E3D80B68002BF6DBCCE710B59DF8D8
:10FC2000084044B9033301329B0800EB023001EB7A
:10FC30008303994201D1002010BD51F8042B0260CA
:10FC4000F7E700002DE9F7434B78174691F800E0FD
:10FC5000012B0A6900EB4E1591F804C06E4B6F4CF6
:10FC600040F08E8005F5106642BB32691340336167
:10FC7000336943F400233361336923403361012F37
:10FC800053D1CB6903B17361BCF1010F0CD1D0F832
:10FC9000083813F4807FD5F800390CBF43F00053C7
:10FCA00043F08053C5F80039D5F8003943F00443D8
:10FCB000C5F80039002003B0BDE8F083D6F8108005
:10FCC00008EA040434613469234033618B68BEF16F
:10FCD000000F0DD193423CBF1A460B61336943F4C8
:10FCE000002333613369C2F312041C433461C6E755
:10FCF0009C18D6F81080BCF1010F04F1FF34B4FB5E
:10FD0000F3F4474B1FFA84F903EAC44444EA0804B5
:10FD10003461E7D1336923F0C04333614FEA49735B
:10FD2000346903F0C0432343DBE7D5F80039BCF165
:10FD3000010F43F00443C5F800390B690CD0002BC8
:10FD4000B8D00EF00F0E0123D0F8342803FA0EF3CA
:10FD50001343C0F83438ADE7D0F808289BB212F44A
:10FD6000807FD5F800290CBF42F0005242F080524B
:10FD7000C5F8002972460097C968FFF74FFF99E759
:10FD8000D5F8108B05F5306608EA0404346134694F
:10FD9000234033618B68BEF1000F27D102B10B61A4
:10FDA0000B623269C3F3120313433361336943F4C3
:10FDB0000023012F336102D1CB6803B17361BCF121
:10FDC000010F0CD1D0F8083813F4807FD5F8003B30
:10FDD0000CBF43F0005343F08053C5F8003BD5F807
:10FDE000003B43F00443C5F8003B63E7002AD8D04A
:10FDF0009C180B4AD6F810E0013CB4FBF3F4A4B213
:10FE000002EAC442634342EA0E020B62C3F31203E6
:10FE1000326132691343CCE7FFFF07E00000F8FFCF
:10FE20000000F81F70B50023940800F5805502F01B
:10FE30000302A34204D301EB840132B9084670BD2A
:10FE40002E6841F823600133F3E700F5805000236A
:10FE50000468D80024FA00F05854013398B2824262
:10FE6000F7D15018EBE74A780B78012A00EB4310E2
:10FE700012D1D0F80029002A06DB2BB1D0F80039C6
:10FE800023F08043C0F80039D0F8003943F4001360
:10FE9000C0F8003900207047D0F8002B002A06DB9C
:10FEA0002BB1D0F8003B23F08043C0F8003BD0F8E2
:10FEB000003B43F40013C0F8003BEBE70B784A78B3
:10FEC00000EB43100B79012AA3F10203DBB20FD13F
:10FED000D0F80029012B22F40012C0F8002905D81F
:10FEE000D0F8003943F08053C0F800390020704743
:10FEF000D0F8002B012B22F40012C0F8002BF5D80B
:10FF0000D0F8003B43F08053C0F8003BEEE7D0F858
:10FF10000038090123F4FE6301F4FE61C0F80038E3
:10FF2000D0F800381943C0F8001800207047D0F806
:10FF3000003E23F00303C0F8003ED0F8043823F05D
:10FF40000203C0F8043800207047D0F8003E23F0C8
:10FF50000303C0F8003ED0F8043843F00203C0F8B1
:10FF60000438002070474269806910407047D0F81B
:10FF7000183800F50060C0691840000C7047D0F8D0
:10FF8000183800F50060C069184080B2704700EB77
:10FF9000411100F50060D1F8082B4069104070470E
:10FFA000D0F81028D0F8343800EB411001F00F01E0
:10FFB00000F51060CB408068DB01DBB213431840D2
:10FFC0007047406900F001007047D0F800396FF3C6
:10FFD0000A03C0F80039D0F8043843F48073C0F83D
:10FFE000043800207047000030B5056C00F5306320
:10FFF0000F4CA54203D9D0F8004B002C16DB00248F
:020000040801F1
:1000000001291C611C6944F400241C611C6944F032
:1000100018041C611C6944F0C0441C6106D15A617B
:10002000D0F8003B43F08023C0F8003B002030BDF7
:100030000A30544F8CB00A2800F2AE80DFE800F09E
:1000400006162534435261707F8E9D00534B5448F1
:10005000D3F8E02042F00102C3F8E020D3F8E0300A
:1000600003F001030193019B0CB070474B4B4D48CB
:10007000D3F8E02042F00202C3F8E020D3F8E030E9
:1000800003F002030293029BEEE7444B4648D3F889
:10009000E02042F00402C3F8E020D3F8E03003F09F
:1000A00004030393039BDFE73C4B4048D3F8E02075
:1000B00042F00802C3F8E020D3F8E03003F0080370
:1000C0000493049BD0E7354B3948D3F8E02042F045
:1000D0001002C3F8E020D3F8E03003F010030593DA
:1000E000059BC1E72D4B3348D3F8E02042F02002B6
:1000F000C3F8E020D3F8E03003F020030693069B1A
:10010000B2E7264B2C48D3F8E02042F04002C3F877
:10011000E020D3F8E03003F040030793079BA3E708
:100120001E4B2648D3F8E02042F08002C3F8E020BE
:10013000D3F8E03003F080030893089B94E7174B53
:100140001F48D3F8E02042F48072C3F8E020D3F8CF
:10015000E03003F480730993099B85E70F4B19483E
:10016000D3F8E02042F40072C3F8E020D3F8E03086
:1001700003F400730A930A9B76E7084B1248D3F8FE
:10018000E02042F48062C3F8E020D3F8E03003F4CA
:1001900080630B930B9B67E7002065E700440258E0
:1001A000000002580004025800080258000C0258CF
:1001B000001002580014025800180258001C02587F
:1001C000002002580024025800280258064908B5A9
:1001D00000F01AFCC0F3C430132800D9FEE7034B2B
:1001E00053F8200008BD00BFE8750108247101081C
:1001F000A0F580500138022800D9FEE7014B53F8E2
:100200002000704718710108074908B500F0FCFB91
:10021000C0F3C430012802D0022802D0FEE700203B
:1002200008BD1020FCE700BFC4750108026882B059
:100230000E4B9A4218D10E4BD3F8902042F0005248
:10024000C3F89020D3F8902022F00052C3F89020F9
:10025000D3F8E82042F00052C3F8E820D3F8E830A1
:1002600003F000530193019B02B0704700740040FB
:100270000044025810B586B00849044600F0A2FBBD
:10028000019048B12046FFF7BFFF014601A8F8F7EB
:1002900038F901A8F8F727F906B010BDC4750108B0
:1002A000036884B01D4A934214D11D4BD3F8D82063
:1002B00042F02002C3F8D820D3F8D83003F020034E
:1002C0000193019B174B1868C30425D4164904B049
:1002D00000F060BB154A93420DD1114BD3F8D820E2
:1002E00042F02002C3F8D820D3F8D83003F020031E
:1002F0000293029BE6E70E4A9342E3D1084BD3F800
:10030000E02042F08072C3F8E020D3F8E03003F040
:1003100080730393039BD5E704B07047002002402D
:100320000044025838010024E87501080021024009
:100330000060025803681F4A934213D11E4BD3F842
:10034000802042F02002C3F88020D3F8802022F0E1
:100350002002C3F88020D3F8D82022F02002C3F86E
:10036000D8207047154A93420DD1134BD3F8802003
:1003700042F02002C3F88020D3F8802022F020022F
:10038000C3F8802070470E4A934212D10A4BD3F82B
:10039000882042F08072C3F88820D3F8882022F0A9
:1003A0008072C3F88820D3F8E02022F08072C3F86E
:1003B000E020704700200240004402580021024023
:1003C00000600258F0B5A3B0044664220E4609A8A6
:1003D000002103F056FA1C22002102A803F051FA72
:1003E0000023E204ADF80230019316D541F2030375
:1003F0009C4212D84E4B204607270993FFF7F8FE80
:100400000546A6F10801082900F28780DFE801F01F
:100410008B8516858585878589004649204600F0AD
:10042000D1FA01A909902046FFF7D0FE099B0546A5
:1004300013B9002023B0F0BD0227E2E70C234FF4EC
:100440004032042609A8CDE90A23012200230F9295
:100450004FF48052ADF838308DF840308DF85C3074
:100460001E931C938DF87430CDE90C36CDE9113311
:10047000CDE91333CDE915232F4B1C60F7F7AAFD07
:100480000028D6D1062340F2FF7402A90790ADF8E8
:10049000200009A80295CDE90337CDE90546F7F715
:1004A000A1F801460028C4D1224609A8F7F794FE16
:1004B0000028BED109A8F7F74FFB0028B9D10A21BF
:1004C00009A8F6F7FFFF0028B3D109A8F7F786FAC5
:1004D000830505D509A8F7F781F880B2ADF80200C9
:1004E00009A8F7F7BFFC0028A3D109A8F7F7E8FB94
:1004F00000289ED1099A114B9A4216D0104803F554
:1005000040731049824218BF0B469A6822F0E0728D
:100510009A60BDF8020080B28CE708238FE70423BD
:100520008DE700238BE7102389E7074BEDE700BF3A
:1005300000600258E87501083801002400200240DC
:10054000002102400063025800230240F8B513491D
:100550000646134F00F036FAFEF7FAFD054657F847
:10056000203073B9B420FEF7A2FF04460B49304691
:1005700000F028FA01462046FEF74AFF57F82530DA
:100580001C601C6844B12046FEF744FE2046B4219E
:10059000BDE8F840FEF78DBFF8BD00BFA8730108A5
:1005A00018180024F6F768BF704708B5F6F758FF2B
:1005B000F7F733FFFFF7F8FF08BD7047134B84B020
:1005C000D3F8E02042F00072C3F8E020D3F8E02036
:1005D00002F000720192019AD3F8F42042F0020274
:1005E000C3F8F420D3F8F42002F002020292029A37
:1005F000D3F8E02042F40022C3F8E020D3F8E03042
:1006000003F400230393039B04B070470044025893
:10061000074AD2F8B43FD90709D503F0020320B145
:100620002BB1044BC2F8B03F01E0002BFAD0704769
:10063000001000E055CEACC508B50E4BD3F8FC2039
:10064000D20105D4D3F8FC2042F08072C3F8FC201C
:100650000120FFF7DDFF084B00225A601A680243B1
:100660001A6000BF00BF00BF5868B0FA80F04009B0
:1006700008BD00BF00ED00E0001000E008B5FFF786
:100680009DFFFFF7D9FFF6F7BDFEFFF796FF02F0DB
:100690001BFB0348F7F7C6FEBDE8084001F01CBD90
:1006A0003C0100240023C0E90033C0E90233704755
:1006B0000023012803F101020AD11422DBB25343C3
:1006C000054A181D1044816829B11A441369184756
:1006D00040081346EDE77047501800240120F9F751
:1006E0002AB80220F9F727B80420F9F724B808201F
:1006F000F9F721B81020F9F71EB808B52020F9F74E
:100700001AF84020F9F717F88020F9F714F84FF499
:100710008070F9F710F84FF40070BDE80840F9F761
:100720000AB838B506244FF48065A8B2F9F703F883
:10073000013C4FEA4505F8D138BD0000334A172186
:1007400008B51046062320F8043BFFF7ABFF07234C
:1007500002F118009382FFF7A5FF082302F12C0095
:100760001385FFF79FFF092302F140009387FFF7EE
:1007700099FF0A2302F15400A2F85030FFF792FFCC
:1007800002F16800A2F86410FFF78CFF02F17C0010
:10079000A2F87810FFF786FF02F19000A2F88C1003
:1007A000FFF780FF02F1A400A2F8A010FFF77AFF84
:1007B00002F1B800A2F8B4102821FFF773FF02F18C
:1007C000CC00A2F8C810FFF76DFF02F1E000A2F81C
:1007D000DC10FFF767FF02F1F400A2F8F010FFF75A
:1007E00061FF02F58470A2F80411FFF75BFF02F5C8
:1007F0008E70A2F81811FFF755FF02F59870A2F855
:100800002C11BDE80840FFF74DBF00BF5018002471
:1008100038B5054CA4F5A075143C201DF4F757FF1E
:10082000AC42F9D138BD00BF9019002452B101F09B
:100830000301064B0329596805D0800403D521EA3A
:1008400002025A6070470A43FBE700BF00040058E9
:10085000431C04D00C3151F80C3C5A1C01D100202F
:100860007047834201F10C01F5D10120704700006F
:10087000431C2DE9F04705460E4636D1FEE743F40A
:1008800000538B420ED106F00303D2F80490032BE1
:100890000ED1AF040CD54A4631462846BDE8F04794
:1008A000FFF7C4BF083213685C1CE8D14FF00009A1
:1008B00005F00F02354BC5F3031006F0070853F897
:1008C0002270FFF7B7FB0346806807FB07F101EBD7
:1008D00041044FEA410C2043E2439860B8F1030F12
:1008E00007D8DFE808F045472207294A40F40051BD
:1008F000D9E7FEE703201C68484308F1FF3814409D
:10090000B8F1010F40EA0400186005D858683407B0
:100910004CBF3843B8435860C6F3011001282BD0B0
:1009200002282ED0D9680A4029E0C6F3062EBEF16F
:100930007F0F01D10220DEE728070CD53C0A586A58
:1009400064436443C4EB041A04FB0EF420EA0A0077
:1009500020435862EEE701FB01F4186AC4EB041A65
:1009600004FB0EFE20EA0A0040EA0E001862E1E7EE
:100970000020C0E70120BEE7D86802400A43DA60E1
:1009800089E7D9680A4042EA0C02F8E77471010865
:10099000B4710108431C06D17047834202D18968B3
:1009A000FFF766BF0C310B685A1CF6D1FEE70B68E7
:1009B0005A1C01D100207047834201D1486870471A
:1009C0000C31F4E7431C01D0FFF7F1BF0020704762
:1009D0004B6813B94FF0FF307047834201D108686C
:1009E00070470C31F4E708B1FFF7F2BF4FF0FF306A
:1009F000704703460868421C00D17047984201D1F5
:100A0000886870470C31F5E7431C01D0FFF7F1BF50
:100A10007047034608468B4204D01BB100290CBF27
:100A20001846002070470000314AD2F8883043F45D
:100A30007003C2F888302F4A136803F00F03062BA7
:100A400005D8136823F00F0343F0070313602A4B04
:100A50001A6842F001021A6000221A61274A1968D6
:100A60000A4024491A600A68100705D50A6822F06E
:100A70000F0242F007020A60002221499A61DA61FE
:100A80001A6299621F49D9621F4919635A639963AF
:100A9000DA6319645A64196821F4802119601A66AE
:100AA00040F2FF729A66194B1B686FF30F03B3F1A4
:100AB000005F03D2164B0122C3F808210E4BD3F876
:100AC000D420D2040FD4D3F8D42043F2D20142F47C
:100AD0008052C3F8D4200F4A1160D3F8D42022F4F6
:100AE0008052C3F8D420024B4FF000629A607047E6
:100AF00000ED00E000200052004402587FEDF6EACD
:100B0000000202020000FF01800201010010005CEF
:100B10000080005100400052044BDA6842F00202AB
:100B2000DA605A689204FCD5704700BF004802584A
:100B30000438704703688EB0734A93422DD1734ACC
:100B4000D2F8F01041F00101C2F8F010D2F8F02014
:100B500002F001020092009A6D4A93422DD16B4A35
:100B6000D2F8E81041F01001C2F8E810D2F8E820FD
:100B700002F010020592059A664A93422DD1634B0A
:100B8000D3F8E82042F48072C3F8E820D3F8E830C4
:100B900003F480730A930A9BB4E0B3F1804F2DD124
:100BA0005A4AD2F8E81041F00101C2F8E810D2F830
:100BB000E82002F001020192019A574A93422DD196
:100BC000524AD2F8E81041F02001C2F8E810D2F8F9
:100BD000E82002F020020692069A504A93422DD154
:100BE0004A4BD3F8F02042F48032C3F8F020D3F817
:100BF000F03003F480330B930B9B83E0484A93421D
:100C00002DD1424AD2F8E81041F00201C2F8E810B2
:100C1000D2F8E82002F002020292029A414A93427C
:100C20002DD13A4AD2F8F01041F00201C2F8F0108A
:100C3000D2F8F02002F002020792079A3A4A934251
:100C40002DD1324BD3F8F02042F40032C3F8F0201B
:100C5000D3F8F03003F400330C930C9B52E0334A8A
:100C600093422DD1294AD2F8E81041F00401C2F88C
:100C7000E810D2F8E82002F004020392039A2C4A0A
:100C800093422ED1214AD2F8E81041F04001C2F837
:100C9000E810D2F8E82002F040020892089A254AAB
:100CA00093422FD1194BD3F8F02042F48022C3F89D
:100CB000F020D3F8F03003F480230D930D9B21E056
:100CC0001D4A93427FF448AF104AD2F8E81041F031
:100CD0000801C2F8E810D2F8E82002F008020492F5
:100CE000049A164A93427FF447AF084BD3F8E820A2
:100CF00042F08002C3F8E820D3F8E83003F0800324
:100D00000993099B0EB0704700000140004402584F
:100D1000001000400020004000140040004001404E
:100D2000000400400004014000440140000800406D
:100D30000018004000480140000C0040001C00402A
:100D40000368454A934219D14449D1F8F02022F072
:100D50000102C1F8F020424A934219D13F49D1F82B
:100D6000E82022F01002C1F8E8203E4A934219D14F
:100D70003A4AD2F8E83023F480736AE0B3F1804F46
:100D80001BD13649D1F8E82022F00102C1F8E82051
:100D9000354A93421BD13149D1F8E82022F0200294
:100DA000C1F8E820314A93421BD12C4AD2F8F030E6
:100DB00023F48033C2F8F03070472D4A934219D1A2
:100DC0002649D1F8E82022F00202C1F8E820294A99
:100DD000934219D12149D1F8F02022F00202C1F842
:100DE000F020254A934219D11C4AD2F8F03023F45E
:100DF0000033DFE7214A934219D11849D1F8E8209E
:100E000022F00402C1F8E8201D4A934219D1134987
:100E1000D1F8E82022F04002C1F8E820194A9342B4
:100E2000CAD10E4AD2F8F03023F48023C2E7164A22
:100E3000934290D10949D1F8E82022F00802C1F884
:100E4000E820124A934290D1044AD2F8E83023F0C5
:100E50008003C2F8E83070470000014000440258A7
:100E600000100040002000400014004000400140FD
:100E7000000400400004014000440140000800401C
:100E80000018004000480140000C0040001C0040D9
:100E9000431C3AD02A4B98423AD018D8A3F5406365
:100EA000984237D00BD8A3F50063984234D003F5AD
:100EB0008063984232D0B0F1804F31D0FEE7214BB1
:100EC00098422FD003F5806398422DD0F6E71E4B51
:100ED00098422FD00CD8A3F56443984226D003F54E
:100EE0006043984224D0A3F56443984222D0E5E7BA
:100EF000164B984220D003F5806398421ED0A3F58C
:100F000000639842DAD1742070476FF00D0070478B
:100F10002B207047322070471D2070471E207047DD
:100F20001C20704736207047372070472D207047AF
:100F3000192070472C207047752070477620704725
:100F4000001800400010004000040140004401402F
:100F5000431C3AD02B4B98423AD01CD8A3F580536F
:100F6000984237D00BD8A3F50063984234D003F5EC
:100F70008063984232D0B0F1804F31D0FEE7224BEF
:100F800098422FD003F5806398422DD0A3F50063DB
:100F900098422BD0F2E71D4B984229D00CD8A3F5EC
:100FA0008043984226D003F58063984224D0A3F56D
:100FB0006443984222D0E1E7154B984220D003F5D4
:100FC00080639842DAD1762070476FF00D00704749
:100FD0002C207047322070471D2070471E2070471C
:100FE0001C207047372070472B20704736207047F1
:100FF000742070471B2070472E2070472D207047AB
:1010000075207047001C0040001400400040014063
:101010000044014038B50446FFF78CFD0068FFF737
:1010200037FFD4E91312F7F739F92068FFF730FFDB
:10103000F7F766F922681046FFF78AFF0546104663
:10104000FFF726FF85420BD02846D4E91312F7F7A5
:1010500025F92068FFF77CFFBDE83840F7F750B965
:1010600038BD000008B5074B90F8B22053F82200B5
:10107000FDF7AEFF00F02200A0F1220358425841D4
:1010800008BD00BF9019002408B5074B90F8B220A6
:1010900053F82200FDF79CFF00F02100A0F121038E
:1010A0005842584108BD00BF9019002438B5154674
:1010B0000446C8B1C0F89C10B0F9B000F7F72EF99B
:1010C000D4F8B830B4F8C210AAB294F8B20013FA47
:1010D00081F1064B53F82000FDF7C0FAB4F9B000D7
:1010E000BDE83840F7F70CB938BD00BF90190024AF
:1010F00050B1D0F8A430013306D190F8B220034BA0
:1011000053F82200FDF718BF704700BF9019002464
:1011100050B1D0F8A430013306D190F8B220034B7F
:1011200053F82200FDF72EBF704700BF901900242E
:10113000D0F8943004381847D0F89830043818475D
:1011400010B5044650F80439DA69D1070CD50122EC
:101150001A62FFF787FFB0B904F1AF012046012200
:10116000BDE81040FDF7C4BFDA69920701D502223D
:10117000EEE7DA69510701D50422E9E7DA691207D7
:10118000E7D50822E4E710BD08B52520F7F736F9C2
:10119000024B1868BDE80840FDF7C0BA901900245A
:1011A000262008B5F7F72AF9034B586818B1BDE8AF
:1011B0000840FDF7B3BA08BD90190024272008B5F0
:1011C000F7F71CF9034B986818B1BDE80840FDF724
:1011D000A5BA08BD9019002408B53420F7F70EF918
:1011E000024BD868BDE80840FDF798BA9019002472
:1011F00008B53520F7F702F9024B1869BDE8084039
:10120000FDF78CBA9019002408B54720F7F7F6F8D7
:10121000024B5869BDE80840FDF780BA90190024D8
:1012200008B58E20F7F7EAF8024B186ABDE80840C7
:10123000FDF774BA9019002408B55220F7F7DEF8CC
:10124000024B9869BDE80840FDF768BA9019002480
:1012500008B55320F7F7D2F8024BD869BDE808402B
:10126000FDF75CBA90190024012200F1AF01FDF7EF
:101270003FBF036807B55B6801228DF807100DF1C9
:101280000701984703B05DF804FB0000014800F037
:1012900032BF00BF94230024F8B50E46174615460A
:1012A000ADB101F0E9FB90B10A4800F024FFA8427B
:1012B00028BF284604460028F3D031462246054878
:1012C0002D1B264400F038FF01F0F2FBE8E7781B05
:1012D000F8BD00BF94230024014800F0D2BF00BF36
:1012E000CE22002410B5044800F0F3FF044601F0BC
:1012F00015FC204610BD00BFCE2200242DE9F04190
:1013000006460F46154694B201F0DEFFF060224615
:1013100039460B4801F03BF8804601F0FFFBA4EB97
:1013200008044744A4B23CB101F0CEFFF368C01AF0
:10133000B3689842EBD32D1B2846BDE8F08100BF6F
:10134000CE2200242DE9FF4706460DF10E098846FE
:1013500017461C469DB201F0B7FFF0602B463A4697
:1013600041460F48CDF8009001F059F8824601F04F
:10137000D5FBBDF80E30ED1A1F44ADB2BAF1000F27
:1013800004D0641B204604B0BDE8F087002DF9D0DE
:1013900001F09AFFF368C01AB3689842DED3F0E711
:1013A000CE220024014800F0CBBF00BFCE22002493
:1013B00008B5034800F0AFFE0028FADC08BD00BF06
:1013C0009423002401F034BB044B4FF47A720021C3
:1013D000C3E90112024A1A60704700BFB419002421
:1013E000F471010878B10023C0F8B832C0F8C432F3
:1013F000C0F8D03209B1C0F8B4120123027080F8ED
:101400009C3200F05DBD03207047002313B50446F5
:10141000ADF8063081B1CB6AC0F8B81223B10DF136
:1014200006009847C4F8D002D4F8D832002001331F
:10143000C4F8D83202B010BD0320FBE700F072BD43
:10144000D0F8B8320BB11B6818471846704708B57A
:10145000D0F8B8325B689847002818BF032008BD51
:1014600038B500F2AA250446284600F098FB01236F
:1014700094F8AA12C4F89432B4F8B032C4F898328E
:1014800001F01F03012B08D0022B0CD08BB9294689
:101490002046BDE8384000F04DB929462046BDE859
:1014A000384000F0ABBA29462046BDE8384000F08D
:1014B000D4BA204601F08001BDE8384000F04ABDB2
:1014C00070B50446164609BBD0F89432032B0CD1F4
:1014D000D0E9573293420AD99B1A31469A42C0F852
:1014E0005C3128BF1A4600F0B3FB002070BD90F8B5
:1014F0009C32032B06D1D0F8B8321B6913B1C0F867
:10150000D4129847204600F0ABFBEEE790F89C32EF
:10151000032BEAD1D0F8B8329B69002BE5D000222A
:10152000BDE87040C0F8D422184770B5044616468E
:101530000D4600293DD1D0F89432022B0ED1D0E9CE
:101540000732934212D99A1A3146C26100F06BFBFE
:101550002B462A462946204600F02AFD94F8A03260
:1015600013B1002384F8A032002070BD0CD1826931
:10157000934209D8D0F898329A4205D20A4600F030
:1015800052FBC4F89852E3E794F89C32032B08D13D
:10159000D4F8B832DB6823B100222046C4F8D42244
:1015A00098478021204600F0D5FC204600F063FBE0
:1015B000D4E790F89C32032BD6D1D0F8B8325B69CF
:1015C000002BD1D00022BDE87040C0F8D4221847CB
:1015D000F8B501230021044680F89C32D0F8B832D7
:1015E000C0F894124160C0F8A41280F8A012B3B9F8
:1015F000002600224025012740231146204600F006
:1016000098FC2B46002280212046A4F86471C4F87F
:10161000605100F08EFC3046A7842562F8BD5B68FF
:10162000002BE5D098470028E2D00326E1E70174BB
:101630000020704790F89C32042B04D090F89C3224
:10164000DBB280F89D32042380F89C320020704782
:1016500090F89C32042B04D190F89D32DBB280F8D4
:101660009C320020704708B590F89C22032A05D1CF
:10167000D0F8B83213B1DB6903B19847002008BD38
:10168000D0F8D422AE3250F8222008B54AB190F8F2
:101690009C32032B01D1136A0BB9002008BD984777
:1016A000FBE70320FAE7D0F8D422AE3250F822202C
:1016B00008B54AB190F89C32032B01D1536A0BB99B
:1016C000002008BD9847FBE70320FAE70020704799
:1016D000012208B580F89C22D0F8B8220AB900206F
:1016E00008BD5268017990470028F8D00320F7E739
:1016F000002070470020704710B5428803789A4256
:101700000AD904782044234444789BB2052CF6D1AE
:1017100084788C42F3D110BD0020FCE710B504465C
:10172000802100F017FC00212046BDE8104000F0A9
:1017300011BC000073B50B7804460D4603F060033E
:10174000202B09D0402B07D093B12046FFF7E6FFAE
:101750000025284602B070BDD4F8D4322946204670
:10176000AE3354F823309B6802B0BDE87040184790
:101770004B78092BE9D801A252F823F09B190108F4
:10178000DF1901084B170108C31901084B1701089D
:1017900095180108A51701084B1701086F190108D2
:1017A000D718010800234988ADF806300B0A013B21
:1017B000062BCAD801A252F823F000BFD91701089E
:1017C0000B180108251801084B1701084B170108D1
:1017D000671801087D180108D0F8B4321B680DF1B4
:1017E0000601207C9847EA88002A00F0A380BDF813
:1017F0000630002BA9D09A42014628BF1A46ADF800
:101800000620204600F002FAA2E7027CD0F8B832A7
:1018100032B99B6A0DF10600984702234370E2E754
:10182000DB6AF7E7C9B2D0F8B432052912D8DFE88D
:1018300001F00307090B0D0F5B68002BCFD184E784
:101840009B68FAE7DB68F8E71B69F6E75B69F4E792
:101850009B69F2E7DB69002B3FF477AF0DF10602DD
:10186000007C9847BFE7037C002B7FF46EAFD0F875
:10187000B8320DF106005B6B9847B4E7037C002B90
:101880007FF463AFD0F8B8320DF106001B6B9847B8
:101890000723C3E78B88002B7FF457AFCB88002B3F
:1018A0007FF453AF4D887F2D3FF64FAF90F89C32B9
:1018B000032B3FF44AAFEDB2294680F89E5200F068
:1018C00069FB204600F0CCF91DB1022384F89C325C
:1018D0003EE70123FAE78978474D0129297003D9AA
:1018E000FFF71CFF032534E790F89C32022BDEB291
:1018F00008D0032E17D0FFF711FF29782046FFF7F5
:10190000A6FDEFE7B1B101214160FFF799FD054662
:10191000204625B1FFF702FF84F89C6219E700F02A
:101920009FF90323D2E749B90223416080F89C3232
:10193000FFF78DFD204600F093F909E74168012982
:10194000F8D0C9B2FFF783FD297820466160FFF720
:1019500077FD05460028EDD02046FFF7DFFE217910
:101960002046FFF774FD022384F89C32F1E6CA8812
:10197000012A7FF4EAAE90F89C120229CBB207D874
:10198000002B3FF4E2AE0146002341F8083F38E760
:10199000032B7FF4DAAE011D33E790F89C32013B54
:1019A000022B3FF6D2AECA88022A7FF4CEAED0F820
:1019B000A4320146002B0CBF0123032341F80C3F46
:1019C0001FE74B88012B02D1C4F8A432B2E7022BE7
:1019D0007FF4BBAE8B881B0A80F8A032AAE790F890
:1019E0009C32013B022B3FF6B0AE4B88012B7FF4BB
:1019F000AFAE0023E8E700BFC419002470B50B7830
:101A000004460E4603F060025B0601D5402A1FD152
:101A100094F89C32013B022B1AD8317920460229D6
:101A200017D8FFF765FE88B9D4F8B8329B686BB158
:101A3000C4F8D4023146204698470546F3881BB9BE
:101A400015B9204600F00CF9284670BD0325F5E7CE
:101A500020460025FFF762FEF6E770B50B780446D6
:101A60000E468A8803F060030D79202B57D0402B57
:101A700055D01BB12046FFF751FE3CE04B78012BBF
:101A80003BD0032B24D0002BF4D190F89C32022BB6
:101A9000D9B260D00329EDD105F00F0312F0800F09
:101AA0004FF0140202FB030366D09B8C002BE1D0A5
:101AB00005F07F031426802D03FB0666064467D0DD
:101AC0002946204600F054FA002866D0012360E041
:101AD00090F89C32022BDAB233D0032ACAD14B8859
:101AE00033B9690604D0F38813B9294600F032FAF5
:101AF000204600F0B5F8002070BD90F89C32022B13
:101B0000DAB21ED0032AB5D14B88002BF3D16B0675
:101B100002D0294600F025FA204600F0A1F8294617
:101B20002046FFF7E7FD0028E5D1D4F8B832C4F825
:101B3000D4029B68002BDED031462046BDE87040C1
:101B400018476A0696D0294600F004FA80212046FC
:101B500000F000FACFE769068CD113064FF00003BE
:101B60004FF002024CBF00F1140100F5AA710B60A6
:101B7000204600F04BF8BEE7B3F86431002B3FF489
:101B800079AF142606FB050606F5AA76002D97D137
:101B90000023336002223146EAE73060FAE70B782F
:101BA00003704B7843704B8843808B888380CB884D
:101BB000C380704710B50446802100F0CBF90021A6
:101BC0002046BDE8104000F0C5B970B50D46164678
:101BD000044698B1EEF764FB013CC0B2002101302D
:101BE000430080288CBF4FF480739BB233802B70EE
:101BF00003236B70022314F8012F02B970BDEA545D
:101C00005A1C0233D2B2DBB2A954F4E713460222C3
:101C100010B5C0F894220A460021C0E9063300F04E
:101C2000C0F9002010BD08B513460A46002100F097
:101C3000B8F9002008BD1346032210B5C0F894225D
:101C40000A460021C0E9563300F0B2F9002010BD69
:101C500008B513460A46002100F0AAF9002008BD85
:101C600008B504220023C0F8942219461A4600F051
:101C700098F9002008BD08B505220023C0F8942279
:101C800019461A4600F094F9002008BD30B585B019
:101C90000446F9F7F7FC3E4AD3685901FCD522689F
:101CA0003C4B9A422FD13C4D03E0A9680C35FEF71E
:101CB000DFFD2868421CF8D1384B01216520D3F89C
:101CC000D82042F00062C3F8D8200022D3F8D830E0
:101CD00003F000630193019BF6F7E0FA6520F6F745
:101CE0000FFBE17A01290ED14FF0B0426420D2F807
:101CF000903043F48053C2F890300022F6F7CEFAC9
:101D00006420F6F7FDFA2268254B9A423ED1254D14
:101D100003E0A9680C35FEF7ABFD2868431CF8D139
:101D20001E4B01214D20D3F8D82042F08062C3F829
:101D3000D820D3F8D82002F080620292029AD3F819
:101D4000D82042F00072C3F8D8200022D3F8D8304F
:101D500003F000730393039BF6F7A0FA4D20F6F708
:101D6000CFFAE17A012911D14FF0B0424C20D2F8DC
:101D7000903043F40063C2F890300022F6F78EFAF8
:101D80004C2005B0BDE83040F6F7BABA05B030BD1A
:101D900000480258000008404C72010800440258F4
:101DA000000004404072010800F29C41D0F8E004B9
:101DB000FFF756BB242303FB0103D0F8E004D3F85C
:101DC0006022FFF77DBB242303FB0103D0F8E0046E
:101DD0001A6AFFF7AABBD0F8E004FFF744BC38B595
:101DE000C5790446D0F8E004003D18BF0125FFF78F
:101DF000EFFBD4F8E0042946BDE83840FFF717BCF4
:101E000010B50446D0F8E004FFF714FC2268D2F8BD
:101E1000003E43F00103C2F8003EE37A23B1034AD7
:101E2000136943F00603136110BD00BF00ED00E02D
:101E300010B5C37A044633B100F050F9084A13696B
:101E400023F0060313612268D4F8E004D2F8003EC0
:101E500023F00103BDE81040C2F8003EFFF7F8BBD5
:101E600000ED00E0D0F8E004FFF71DBCD0F8E0047E
:101E7000FFF706BCD0F8E004FFF728BCD0F8E00478
:101E8000FFF726BC0148F9F739B800BFC81900248C
:101E900010B5094CE37A6BB1084A136923F00603C5
:101EA000136100F01BF92268D2F8003E23F0010311
:101EB000C2F8003E10BD00BFC819002400ED00E0CC
:101EC00070B5154C054600F0F9F80423C4F8E05449
:101ED00020462371114BC5F8C84223604FF40073AC
:101EE000E380A3600023E3602374F8F755FE00B19C
:101EF000FEE70B4D01262046A988F9F786FBAA8943
:101F0000013655F8081F204601F00F01F9F75EFB76
:101F1000052EF4D1002070BDC8190024000008402F
:101F20001872010808B5D0F8C802F8F7A2FE002020
:101F300008BD10B51446D0F8C8021A462346F8F773
:101F4000CAFE002010BD08B5D0F8C802F8F7F8FEA8
:101F5000002008BD08B5D0F8C802F8F759FF0020E6
:101F600008BD08B5D0F8C802F8F789FF002008BD01
:101F700011F0800FD0F8C8324FF0240217BF01F0E3
:101F80007F0102FB013302FB0133987D08BF93F808
:101F90005602704708B5D0F8C802F8F789FE00204D
:101FA00008BD08B5D0F8C802F8F718FF002008BD32
:101FB00008B5D0F8C802F8F7ECFE002008BDD0F84C
:101FC000C802F8F703BF0000122301480B807047D6
:101FD00088010024042301480B80704784010024F9
:101FE00000487047AC1E0024002370B54D1C1E46EF
:101FF000040FB0F1204F4FEA001034BF30343734B3
:1020000001F8134005F813600133DCB2A242EFD8A7
:1020100070BD00001A2310B50B800A4BD3F80008DE
:10202000D3F8082880180AD0D3F8044808220649B3
:10203000FFF7DAFF042210312046FFF7D5FF0348EF
:1020400010BD00BF00E0F11F6A01002468010024F8
:102050000A460348034908B5FFF7B7FD014808BD24
:102060003D660108AC1F00240A46054908B520B9A1
:102070000448FFF7AAFD024808BD0348F9E700BF7E
:10208000AC1F0024506601086A6601080A4603482E
:10209000034908B5FFF799FD014808BD84660108AA
:1020A000AC1F00240A460348034908B5FFF78DFD1D
:1020B000014808BD9A660108AC1F002408B5054810
:1020C000FDF743FF0A2001F001F90248BDE808408E
:1020D000FDF72DBF0000084000F0AABC08B5FEF7D0
:1020E0006DFABDE8084000F0EFBD0023A0F8823093
:1020F000A0F880307047B0F88230B0F880209BB2F2
:1021000092B2981A7F30434200F07F0003F07F03C1
:1021100058BF58427047B0F88030B0F882209BB268
:1021200092B203F18000801A434200F07F0003F076
:102130007F0358BF58427047F8B5B0F88050044646
:102140000F461646ADB2B0F88000C5F18005954245
:102150000CD914FA80F001F0E1FBB4F8802016FAF3
:1021600082F202F07F02A4F88020F8BD2A4614FA19
:1021700080F001F0D3FB721B79192046EBE7B0F831
:102180008020B0F8823092B29BB29A420DD3B0F860
:102190008030B0F882209B1A9BB20B80A0F884306C
:1021A000B0F8823010FA83F07047B0F88230C3F193
:1021B0008003F1E7B0F88220B0F88430134403F0D4
:1021C0007F03A0F8823070470023A0F8C230A0F847
:1021D000C030C023A0F8C4307047B0F8C22082B02D
:1021E000034692B2ADF80620B0F8C010BDF8062044
:1021F00089B292B29142B0F8C02092B21ED37F2A27
:1022000008D9B0F8C02092B2802A09D1BDF80620C2
:1022100092B22AB1B3F8C00013FA80F002B070474E
:10222000BDF80620002092B2402AF7D9B3F8C020AA
:1022300092B2A3F8C420A3F8C000EBE7BDF80610E3
:10224000403289B28A42E5D30020E7E7B0F8C030D7
:1022500011FA83F39BB2A0F8C030B0F8C020B0F8F8
:10226000C43092B29BB29A4202D3C023A0F8C430C9
:10227000B0F8C0309BB2BF2B02D90023A0F8C03009
:102280007047B0F8C03082B09BB2ADF80430B0F8FF
:10229000C4309BB2ADF80630B0F8C220BDF80430AF
:1022A00092B29BB29A4208D8BDF80430B0F8C2206E
:1022B0009BB292B2981A02B07047BDF80630BDF8D2
:1022C0000410B0F8C22089B292B211FA83F0801AD9
:1022D000F1E7B0F8C02082B0034692B2ADF8042016
:1022E000B0F8C42092B2ADF80620B0F8C210BDF824
:1022F000062089B292B2914202D10022A0F8C220F7
:10230000B3F8C210BDF8042089B292B2914214D041
:10231000B3F8C22092B2511C89B2A3F8C210B3F82C
:10232000C210985CBDF8062089B292B2914202D3E5
:102330000022A3F8C22002B070474FF0FF30FAE746
:10234000B0F8C03082B09BB2ADF80430B0F8C43001
:102350009BB2ADF80630B0F8C220BDF8063092B29C
:102360009BB29A4202D30023A0F8C230B0F8C22038
:10237000BDF8043092B29BB29A4205D0B0F8C23098
:102380009BB2C05C02B070474FF0FF30FAE737B540
:1023900004460846B4F8C0309BB2ADF80430B4F837
:1023A000C4309BB2ADF80630B4F8C210BDF80630A8
:1023B00089B29BB2994202D30023A4F8C230B4F888
:1023C000C210BDF8043089B29BB2994224D8BDF83E
:1023D0000450B4F8C230B4F8C210ED1A14FA81F106
:1023E000ADB2954228BF15462A4601F097FAB4F8D7
:1023F000C23015FA83F39BB2A4F8C230B4F8C220FD
:10240000BDF8063092B29BB29A4202D30023A4F8E0
:10241000C230284603B030BDBDF80650D9E7F7B545
:102420001C46B0F8C030089D9BB2ADF80430B0F83F
:10243000C4309BB2ADF80630B0F8C260BDF80630CB
:10244000B6B29BB29E4202D30023A0F8C230B0F8CD
:10245000C260BDF80430B6B29BB29E4222D8BDF82D
:102460000430B0F8C260B0F8C2709B1B10FA87F756
:102470009BB2A34228BF23460024A6B2B34214D87D
:102480002B80B0F8C22013FA82F39BB2A0F8C230BE
:10249000B0F8C220BDF8063092B29BB29A4223D265
:1024A00000201BE0BDF80630DBE717F804C08C45C0
:1024B00016D1B0F8C2309BB2013333449BB2A0F8BE
:1024C000C230B0F8C220BDF8063092B29BB29A4238
:1024D00002D30023A0F8C23001202E8003B0F0BD4B
:1024E00002F804C00134C8E70023A0F8C230D7E7DF
:1024F000D0F8D43200EB830010B5D0F8C0428CB1D4
:10250000D0F8C4321BB194F80002FF2801D100209A
:1025100010BD9B68214694F801229847FF2384F858
:102520000032F4E70320F3E70A23038000487047F2
:10253000C002002470B5832106460F48FFF7DCF87F
:10254000012105460C48FFF7D7F8822104460A48C6
:10255000FFF7D2F80DB11022AA711CB140222271EE
:102560000022627118B1402202710022427143239D
:102570000148338070BD00BFBC01002470B58321C9
:1025800006460F48FFF7B8F8012105460C48FFF74B
:10259000B3F8822104460A48FFF7AEF80DB11022C5
:1025A000AA711CB1402222710022627118B140222E
:1025B00002710022427143230148338070BD00BF85
:1025C0000002002470B5832106460F48FFF794F8F7
:1025D000012105460C48FFF78FF8822104460A487E
:1025E000FFF78AF80DB11022AA711CB100222271E6
:1025F0000222627118B10022027102224271432349
:102600000148338070BD00BF4402002438B5D0F8C3
:10261000D4320446B03350F823508DB1FFF7CFFCCD
:10262000D4F8D432C5F80C0205F5037104EB830429
:10263000D5F80402D4F8C432DB689847002038BDCE
:102640000320FCE7F8B5D0F8D4620A4600EB860612
:10265000D6F8C05235B301F00F0C142707FB0C0756
:10266000BB698BB1D0F8C8424FF0240E0EFB0C446E
:10267000E469B3FBF4FC04FB1C332BB91A46BB61C1
:10268000FFF78FFC0020F8BD0023C5F81432D6F800
:10269000C4321B69002BF5D005F50471D5F808028A
:1026A0009847EFE70320EEE7D0F8D43200EB83033E
:1026B000F7B50022D3F8C06204460D468DF8052018
:1026C000ADF80620002E65D091F800C01CF0600225
:1026D00029D0202A5AD1CA884F78F2B11CF0800F35
:1026E0000ED0D3F8C432314638469B689847EA8802
:1026F0003146072A28BF07222046FFF787FA09E05C
:10270000402A314686F8007228BF402286F801220E
:10271000FFF791FA002003B0F0BDD3F8C432384679
:102720009B689847F6E74B780B2B2FD801A252F8FD
:1027300023F000BF65270108152701088D27010830
:102740008D2701088D2701088D2701088D27010895
:102750008D2701088D2701088D270108752701089D
:102760008527010890F89C32032B0FD102220DF12E
:102770000601C1E790F89C32032B07D101220DF12D
:102780000501B9E790F89C32032BC3D029462046B7
:10279000FFF710FA0320BEE738B504460025822172
:1027A000FFF7D1FB01212046A4F84C50FFF7CBFBEB
:1027B00083212046A4F87851FFF7C5FBD4F8D43222
:1027C000256604EB8303D3F8C02252B1D3F8C43298
:1027D0005B689847D4F8D432B03344F82350C4F837
:1027E000BC52002038BD0000F8B52D4D04464FF412
:1027F00007720021284601F044F8D4F8D432B033EF
:1028000044F82350237CC4F8BC52CBBB4FF4007374
:10281000822102222046FFF78CFB01214FF4007336
:10282000A4F84C1002222046FFF783FB0126102358
:10283000032283212046A4F862300823A4F878619B
:102840000027FFF776FBD4F8D432A4F8606004EBDD
:102850008303C5F80472D3F8C4321B689847D5F8CF
:102860000422C5F81472C5F81872B2B1237C93B96A
:102870004FF4007331462046FFF79AFB0020F8BD65
:102880004023822102222046FFF753FB01214023EF
:10289000A4F84C10C6E74023ECE70220EFE700BFA6
:1028A000AC20002439B1D0F8D43200EB8300C0F85A
:1028B000C4120020704703207047D0F8D432B033E0
:1028C00050F823302BB10020C3F80812C3F81022AF
:1028D000704703207047D0F8D432B03350F823301B
:1028E0001BB10020C3F80412704703207047D0F8D2
:1028F000D432B03350F8232010B57AB1D2F8144254
:1029000001236CB9C2F814328221D2F81032D2F805
:1029100008220364FFF745FB204610BD0320FCE7B7
:102920001846FAE7D0F8D422B03250F8222008B581
:1029300062B1037CD2F8042233B94FF40073012151
:10294000FFF736FB002008BD4023F8E70320FAE735
:10295000D0F8D422B03208B550F8223033B1002379
:1029600001211A46FFF724FB002008BD0320FCE7E5
:102970000020704721280ED022281DD0202808D101
:102980000A68184B1A600A791A714A795A718A7959
:102990009A7100207047134B1A680A701A68120A5D
:1029A0004A705A888A70DA78CA701A790A715A7924
:1029B0004A719B798B71ECE70B4A4B8812780B4973
:1029C000002A14BF1A46012202F001020A700A7896
:1029D00012B1074A00211160C3F34003054A137086
:1029E000D7E700BFCC020024E9020024CD22002456
:1029F000C8220024CC22002408B50948FFF775FB43
:102A00000848FFF7E1FB084B012206481A70FFF760
:102A1000E4FB01460548FFF75EFF002008BD00BF4C
:102A200094230024CE220024E80200241C24002445
:102A300010B50C4C22789AB90B490C48FEF7D2FC21
:102A400070B90B490948FEF7E0FC48B90949074845
:102A5000FFF728FF20B90548FEF7F0FC012323709B
:102A600010BD00BF1A2400249C0100241C24002453
:102A700088020024D40200240A4B10B51C6814B14B
:102A8000F4F7FAFC041B084B93F89C32032B07D194
:102A9000022C05D8054B1878C0B200F0010010BD1B
:102AA0000020FAE7C82200241C240024CD220024A0
:102AB00037B50F4CD4F8BC32D3F81432ABB90DF1A2
:102AC00006010C48FFF75BFBBDF80630054663B115
:102AD000F4F7D2FC084BBDF80620294618602046C2
:102AE000FFF7EBFE2046FFF702FF03B030BD00BF4B
:102AF0001C24002494230024C822002410B5054B74
:102B0000002405481C60FFF755FBFFF7D1FF204666
:102B100010BD00BFC82200249423002438B50A4DFC
:102B20002B780BB1002038BD0848FFF756FB014653
:102B30000028F7D0012406482C70FFF7CCFE04488B
:102B4000FFF7F0FE2046EEE7E8020024CE22002444
:102B50001C24002408B509880648FFF777FB064BBC
:102B600000221A70FFF7DAFF10B90448FFF7F0FEF1
:102B7000002008BDCE220024E80200241C240024EA
:102B80002DE9F04116461C46454A01230D46002119
:102B90000746DDF81880C0E92823A02200F071FE66
:102BA000F3B2202B2CD83F4A06F4E06652F82330CB
:102BB0001E43EBB2C7F88C60202B35D8394A05F498
:102BC000E06552F823301D43E3B2C7F89050202B44
:102BD0003ED8344A04F4E06452F823301C435FFAD0
:102BE00088F2C7F89440202A46D82E4908F4E063BA
:102BF00051F8222013433846C7F89830BDE8F081D9
:102C000006F0C002C02A0CD1CB2B0AD806F03F0236
:102C1000254B06F4E06653F82220224B53F822306D
:102C2000C6E74FF0FF36C4E705F0C002C02A0CD15A
:102C3000CB2B0AD805F03F021B4B05F4E06553F897
:102C40002220184B53F82230BDE74FF0FF35BBE789
:102C500004F0C002C02A0CD1CB2B0AD804F03F02EA
:102C6000114B04F4E06453F822200E4B53F8223049
:102C7000B4E74FF0FF34B2E708F0C003C02B0CD12B
:102C8000CB2A0AD808F03F02074B53F8221008F469
:102C9000E063044A52F82120ACE74FF0FF33AAE783
:102CA00000093D004477010814770108212307B586
:102CB000092200930A2108230248FFF761FF03B0AD
:102CC0005DF804FBF82600242DE9F047CCB04C2237
:102CD000002101AC09A800F0D4FD202200212046EB
:102CE00000F0CFFDC02200211CA800F0CAFD022088
:102CF000F8F7A4FC00236A460093454B996941F418
:102D000040419961996901F4404100914149C86A83
:102D100040F00100C862C96A01F001010091126827
:102D20009A699704FCD53C4A4FF480380427022561
:102D3000936A4FF0080909A823F0030343F0020344
:102D4000936221231695CDE9093801230F93C823F7
:102D5000CDE914730523CDE917350023CDE91255CC
:102D6000CDE919931B93F9F781F800B1FEE73F26EF
:102D700003234FF4806A2946C4E900634026C4E96E
:102D800002092046C4E90466C4E906A6F9F7B8FBBF
:102D900000B1FEE71CA3D3E9002306212590309063
:102DA0003D901E97CDF81481CDE91C23642340F299
:102DB0002712CDE91F390A23CDE921358023CDE93A
:102DC0002330CDE932534FF4805334934FF4807362
:102DD000CDE92612429320224FF44013CDE92C0076
:102DE000CDE92E50CDE93A001CA83E93CDE92867E5
:102DF000CDE92A2AF9F7CAFD00B1FEE7F8F742FC4F
:102E00004CB0BDE8F08700BF09130F0300000000BD
:102E100000480258000400580044025870B50546A6
:102E20000C46084649B1EDF73BFA2B6802462146AD
:102E300028465B68BDE87040184770BD024908B578
:102E4000FFF7ECFF08BD00BFB366010838B50546C3
:102E5000FFF7E4FF04462846FFF7F0FF204438BDA3
:102E6000FFF7F4BF10B5044600F02EFAE0602368C7
:102E700020465B699847002808DA00F025FAE368E5
:102E8000C01AA3689842F2D34FF0FF3010BDF8B5D6
:102E900007460D468E180C46B44201D1601BF8BDA2
:102EA0003846FFF7DFFF431CF8D004F8010BF3E7C7
:102EB0002DE9F0410746884616461D4673B10024A9
:102EC0003846FFF7CFFF431C05D0404503D03055AF
:102ED0000134A542F4D12046BDE8F0811C46FAE752
:102EE00070470000032070B5F5F7C6F9214B5A6909
:102EF00012F4003211D1BFF34F8FBFF36F8FC3F8BD
:102F00005022BFF34F8FBFF36F8F5A6942F40032E4
:102F10005A61BFF34F8FBFF36F8F164A536913F493
:102F2000803323D1C2F88430BFF34F8FD2F8803082
:102F300043F6E074C3F3C900C3F34E335B0103EA05
:102F40000406014646EA81750139C2F86052F9D299
:102F5000203B13F1200FF2D1BFF34F8F536943F49D
:102F600080335361BFF34F8FBFF36F8FBDE8704065
:102F700000F0D4B900ED00E008B5AFF30080EEF743
:102F80003BFAEEF7EDFD00F0AFF9FAE7C0F30312FC
:102F900003460A2A10B50ED8084A0020D9B252F8C2
:102FA000044B8C4203D103F4E063184310BD01309D
:102FB0002128F4D1FAE72120F8E700BF447701087F
:102FC0000246C0B20B2810B517D8254902F4E063B9
:102FD00051F820100B43C9B220291CD903F0C004BA
:102FE000C02C01D1CB291FD9A2F1CC03022B94BF55
:102FF00002F635704FF0FF3015E002F0C003C02B31
:10300000F2D1CB28F0D802F03F04154902F4E06376
:1030100051F82410DEE7134803F4E06350F8210070
:103020001843431CE0D010BD03F03F030C490B28AC
:1030300051F823400B4B53F8243007D851F8201097
:10304000114301F4E06143EA0100EAE702F0C00045
:10305000C02802D102F03F00F0E74FF4E061F2E750
:103060001477010844770108DFF838D0FDF754FDE4
:10307000FDF7DAFC0C480D490D4A002302E0D45854
:10308000C4500433C4188C42F9D30A4A0A4C0023B2
:1030900001E013600432A242FBD300F011FCFFF701
:1030A0006BFF704700000824000000244403002444
:1030B000407C010844030024782A0024FEE7914262
:1030C0000FD008D9891A01238B40984208D30130C8
:1030D000C8400138704720B10130521A9040F8E7DB
:1030E0000020704710B5FFF76BFF431C0AD0064C59
:1030F0002168FDF767F9054B21681A68BDE81040A3
:10310000FFF7DDBF002010BDEC020024F002002418
:10311000C3B2202B2DE9F0410D462AD82C4A00F4E9
:10312000E06452F823301C43621C4ED0C4F30317F2
:10313000284E04F00F0856F8273023FA08F3DB076F
:1031400010D525492046FDF783FB18B32046FDF72F
:1031500091F8012256F8273002FA08F223EA020316
:1031600046F82730052D1FD8DFE805F01F2B25274F
:10317000292D00F0C002C02A27D1CB2B25D8174B10
:1031800000F03F0200F4E06453F82220104B53F8A3
:103190002230C8E712492046FDF75AFB0028D8D054
:1031A0002046FDF7D3F9D4E7FEE700212046BDE82D
:1031B000F041FDF75DBB1021F8E72021F6E7032180
:1031C000F4E70121F2E70921F0E7BDE8F08100BF53
:1031D00044770108A0270024C4750108147701086A
:1031E000A8730108C3B2202B17D8154A00F4E06079
:1031F00052F823301843431C0ED0C0F3031300F0E1
:103200000F000A2B96BF0F4A002252F823200E4BC4
:1032100053F8203091B19361704700F0C002C02A8A
:10322000FAD1CB2BF8D800F03F02084B00F4E06055
:1032300053F82220024B53F82230DBE71B04EAE765
:10324000447701080C010024747101081477010807
:10325000C3B2202B19D8184A00F4E06052F823308A
:103260001843431C22D0C0F303130A2B20D8134A5F
:1032700000F00F0052F82320114B126953F8203050
:1032800093430CBF01200020704700F0C002C02A09
:103290000CD1CB2B0AD800F03F020A4B00F4E060BF
:1032A00053F82220044B53F82230D9E7002070470E
:1032B00000231B69FFDE00BF447701080C010024D6
:1032C0007471010814770108FDF76CB938B504462C
:1032D00048B1FDF767F90546FFF702FEFDF762F911
:1032E000431BA342F8D338BD08B5084B2BB108489F
:1032F00000F016F808B1AFF30080064B2BB106487A
:10330000FDF7EAFF08B1AFF3008008BD0000000040
:10331000CC27002400000000B4190024FDF7AEB94A
:10332000B0F85431B0F85021981A00F03F007047BF
:10333000B0F85431B0F850219BB293421ABFD0F884
:103340004831985C4FF0FF30704790F85231B0F838
:103350005601C0B2834227BFC3F13F03C018C01A51
:1033600000F1FF307047036807B55B6801228DF8F4
:1033700007100DF10701984703B05DF804FB00004A
:10338000B0F8C220D0F8C41011FA82F202F03F0265
:1033900010B5A0F8C220B0F8C210B0F8BE2089B2B3
:1033A0008A421BD0B0F8C2404032B0F8C210A4B27A
:1033B00089B2121BC1F14001544202F03F0204F0F5
:1033C0003F0458BF62428A4228BF0A460449C0F8F7
:1033D000C420FDF76BFE4FF0FF3010BD0020FCE76E
:1033E000813301082DE9F8430368044688461646F0
:1033F0009B6898470123B4F8527181462374D4F82E
:103400003831C7F14007013309D194F85D3133B148
:10341000002304F1940084F85D31FDF769FE236810
:1034200020469B6898470028F9D03546BD4225D8EC
:103430004D4523D8B4F85231D4F84C015A191844E8
:10344000402A30D82F462A46414600F067FAB4F8A1
:1034500052311D4405F03F05A4F8525104F1940582
:103460002846FDF711FE30B93A4616492846C4F8F9
:103470005871FDF71BFE3046BDE8F8834F452368C1
:103480004146204628BF4F465B683A46ED1B9847A9
:1034900023682046B8449B689847B4F85271814627
:1034A000C7F14007C2E7C3F1400741463A4600F082
:1034B00035FAEA1B08EB0701D4F84C0100F02EFAAC
:1034C000C5E700BF81330108C0F83C31914208BF15
:1034D0004FF0FF31009BC0F8403100F11403C0E908
:1034E0004D21C0F8483100F154020023A0F85431B6
:1034F000A0F85631C0E9532370470000F7B54FF4E8
:103500007A7316460022184F0D4604461749C0E943
:103510000123174B03604FF0FF33C0F83831786B4D
:10352000FDF750FA854213D1BB6BC4F838317A6B82
:10353000012E4FF0FF33204608BFC4F83831009306
:103540004FF0FF33D4F83811FFF7BEFF03B0F0BDE2
:1035500008492846FDF747FA0449C4F838012846C7
:10356000FDF741FA0246E3E74477010818730108C2
:10357000D077010888720108037C70B504460D46B7
:10358000A3B1F3F779FF0646B4F85221B4F85631E7
:103590009BB29A420AD0002DF8D0F3F76DFF801B42
:1035A0008542F1D8B4F85631A4F8523170BD0021EB
:1035B000FFF7E2BFD0F83831013310B504460ED121
:1035C0000368DB68984794F85D3143B9012304F13F
:1035D000940084F85D31BDE81040FDF799BD10BD41
:1035E00010B50446FFF7E6FFB4F85421B4F85031A3
:1035F00092B29A4217BFD4F848214FF0FF30D05C06
:1036000001331CBF03F03F03A4F8503110BD00008C
:10361000002202490248FFF771BF00BF00100140BD
:10362000CC270024024B0146186800F02DB800BFDB
:10363000F4020024024B0146186800F083B900BF71
:10364000F402002470B50F4E0C463168054611B9DE
:1036500000F020F930602146284600F01BF9431C99
:1036600003D14FF0FF34204670BDC41C24F0030486
:10367000A042F8D0211A284600F00CF90130F2D10E
:10368000EFE700BF302900242DE9F843CD1C25F0D9
:10369000030508350C2D38BF0C25002D064601DB2F
:1036A000A94204D90C2333600020BDE8F883DFF879
:1036B000D48000F069F8D8F800301C4644BB294695
:1036C0003046FFF7BFFF431C044658D1D8F80040EE
:1036D0002746002F43D1002C4BD023683946304673
:1036E00004EB030900F0D6F8814542D121686D1A38
:1036F00029463046FFF7A6FF01303AD023682B4415
:103700002360D8F800305A6862BBC8F800700FE038
:103710002268521B20D40B2A17D96119A3422560B5
:1037200018BF5960636808BFC8F8001062514B6049
:10373000304600F02FF804F10B00231D20F00700A5
:10374000C21A1CBF1B1AA350AFE76268A3420CBF8A
:10375000C8F800205A60EBE723466468AEE73C46B1
:103760007F68B6E71A465B68A342FBD1002353602B
:10377000DEE70C233360304600F00CF894E7056078
:10378000D6E700BF34290024014800F0BDB800BFCF
:10379000742A0024014800F0B8B800BF742A00243D
:1037A000024B0A460146186800F002B8F4020024F1
:1037B0002DE9F041074614460D4621B9BDE8F04118
:1037C0001146FFF761BF2AB900F0BCF8254628462C
:1037D000BDE8F08100F000F98442064602D8B4EB5F
:1037E000500FF4D821463846FFF74EFF804608B9FF
:1037F0004546ECE7B4422246294628BF324600F04F
:103800008DF82946384600F09DF8F1E70EB410B562
:103810009DB01FAB029006906FF000410A480791DF
:1038200004910A4953F8042B0591002402A9006869
:1038300001931B9400F038F9029B1C701DB0BDE889
:10384000104003B0704700BFF40200240802FFFFDD
:10385000884210B501EB020402D98442234607D8FE
:10386000431EA14207D011F8012B03F8012FF8E7FE
:103870000244824200D110BD13F8011D02F8011D5F
:10388000F7E702440346934200D1704703F8011B57
:10389000F9E7000038B5064D0023044608462B60C2
:1038A000FBF70AFE431C02D12B6803B1236038BD2D
:1038B000702A0024014B1868704700BFF4020024EE
:1038C00070B50D4B0D4D5B1B9C100026A64209D117
:1038D00002F010FB0A4D0B4B5B1B9C100026A6420E
:1038E00005D170BD55F8043B98470136EEE755F811
:1038F000043B98470136F2E7FC7B0108FC7B01089A
:10390000FC7B0108307C010870477047034611F8C2
:10391000012B03F8012B002AF9D170470A44914288
:1039200000F1FF3300D1704710B511F8014B03F8D7
:10393000014F9142F9D110BD9FED010A704700BFC0
:103940000000C07F38B50546002941D051F8043C3D
:103950000C1F002BB8BFE418FFF716FF1D4A1368B1
:1039600033B9636014602846BDE83840FFF712BFE2
:10397000A34208D9206821188B4201BF19685B68EF
:1039800009182160EDE71A465B680BB1A342FAD92A
:1039900011685018A0420BD120680144501883428E
:1039A0001160E0D118685B68536008441060DAE782
:1039B00002D90C232B60D6E7206821188B4204BF64
:1039C00019685B68636004BF091821605460CAE726
:1039D00038BD00BF3429002451F8043C181F002BC7
:1039E000BCBF0B58C01870472DE9F0478E681F46C2
:1039F000BE4282460C469046334653D8B1F90C007D
:103A000010F4906F2BD065692368096905EB4505B3
:103A1000A3EB010905EBD5757B1C6D104B44AB4244
:103A20002A4684BF1D462A46430527D511465046DF
:103A3000FFF72AFE064658B321694A46FFF76EFF94
:103A4000A38923F4906343F08003A3812661656119
:103A50004E44A5EB09052660A5603E463B461F4641
:103A600020683A464146FFF7F3FEA3689B1BA3601C
:103A700023683B4423600020BDE8F0875046FFF7F1
:103A800097FE06460028E1D121695046FFF75AFF0C
:103A90000C23CAF80030A38943F04003A3814FF000
:103AA000FF30E9E73E46DBE72DE9F04F98468B898A
:103AB0001B069DB007460D46144610D50B6973B919
:103AC0004021FFF7E1FD2860286130B90C233B60FD
:103AD0004FF0FF301DB0BDE8F08F40236B61002335
:103AE000099320238DF82930CDF80C803023DFF89E
:103AF0009C818DF82A304FF0010923469A4613F82D
:103B0000012B0AB1252AF9D1BAEB040B0BD05B4685
:103B1000224629463846FFF767FF013000F0A780AC
:103B2000099A5A4409929AF80030002B00F09F80BD
:103B300000234FF0FF32CDE905230AF1010A049377
:103B400007938DF853301A935446052214F8011B3D
:103B50004E48ECF7ADFB049AD8B9D00644BF2023F9
:103B60008DF85330110744BF2B238DF853309AF84A
:103B700000302A2B15D0079A544600204FF00A0C2B
:103B8000214611F8013B303B092B4BD9B0B10792CC
:103B900014E0A0EB080309FA03F313430493A246CD
:103BA000D2E7039B191D1B680391002BBBBF5B422F
:103BB00042F0020207930793B8BF049223782E2B9A
:103BC0000AD163782A2B32D1039B1A1D1B680392FA
:103BD00043EAE37302340593DFF8C0A0217803229F
:103BE0005046ECF765FB38B1049BA0EB0A0040227D
:103BF000824013430134049314F8011B24488DF8C8
:103C000028100622ECF754FB002836D0214B1BBBB2
:103C1000039B073323F0070308330393099B3344C3
:103C200009936AE70CFB02320C460120A8E7002347
:103C30000134059319464FF00A0C204610F8012B69
:103C4000303A092A03D9002BC6D00591C4E70CFBF2
:103C5000012104460123F0E703AB00932A460E4BF3
:103C600004A93846AFF30080421C0646D6D1AB8982
:103C70005B063FF52DAF09982CE703AB00932A466E
:103C8000054B04A9384600F079F8EDE7B66601085F
:103C9000C066010800000000E9390108BC6601089F
:103CA0002DE9F047164698468A680B69DDF82090A2
:103CB0009342B8BF1346336091F8432007460C4641
:103CC0000AB1013333602368990642BF3368023377
:103CD0003360256815F0060506D104F1190AE3687A
:103CE00032689B1AAB4226DC94F843302268003BD2
:103CF00018BF012392062BD404F1430241463846F3
:103D0000C84701301ED02368226903F00603042B44
:103D100002BFE5683368ED1AA3680CBF25EAE575B4
:103D200000259342C4BF9B1AED1800261A34B542F1
:103D30001AD1002008E00123524641463846C847C0
:103D4000013003D14FF0FF30BDE8F0870135C6E701
:103D5000E1185A1C302081F84300224494F84510A1
:103D600082F843100233C7E7012322464146384612
:103D7000C8470130E6D00136D9E700002DE9FF47FA
:103D80000F7E0C9E782F914680460C469A4601F194
:103D9000430207D8622F0AD8002F00F0D280582F94
:103DA00000F0B78004F1420684F842703AE0A7F1CF
:103DB0006303152BF6D801A151F823F0153E010835
:103DC000293E0108A53D0108A53D0108A53D0108C2
:103DD000A53D0108293E0108A53D0108A53D0108B2
:103DE000A53D0108A53D0108293F0108533E0108F2
:103DF000DF3E0108A53D0108A53D01084B3F010834
:103E0000A53D0108533E0108A53D0108A53D010857
:103E1000E73E010833681A1D1B68326004F1420650
:103E200084F8423001239DE033682068191D316019
:103E3000060601D51D6803E04506FBD5B3F9005021
:103E4000002D03DA2D236D4284F8433059480A23AC
:103E500010E021683368080653F8045B02D4490671
:103E600048BFADB26F2F5348336059D108230021AA
:103E700084F843106668A660002E05DB21682E4397
:103E800021F0040121604DD01646B5FBF3F103FB90
:103E90001157C75D06F8017D2F46BB420D46F4D988
:103EA000082B0BD12368DF0708D523696168994285
:103EB000DEBF302306F8013C06F1FF36921B22617B
:103EC000CDF800A04B4603AA21464046FFF7E8FE86
:103ED00001304CD14FF0FF3004B0BDE8F0872368CB
:103EE00043F0200323603448782784F84570236822
:103EF00031681F0651F8045B02D45F0648BFADB2BB
:103F00003160D90744BF43F0200323601DB1102363
:103F1000ADE72848E9E7236823F020032360F6E7AC
:103F20000A23A4E71646BBE7336825686169181DB4
:103F300030602E061B6801D5196002E06806FBD5CB
:103F40001980002323611646BAE733681A1D3260D0
:103F50001E68626800213046ECF7AAF908B1801BA0
:103F6000606063682361002384F84330A8E7236915
:103F7000324649464046D0470130ABD023689B07C4
:103F800013D4E068039B9842B8BF1846A4E7012306
:103F9000324649464046D04701309BD00135E36860
:103FA00003995B1AAB42F2DCEBE7002504F119063A
:103FB000F5E700BFC7660108D866010808B5062006
:103FC00000F02CF80120FBF795FA1F2938B50546BB
:103FD0000C4604D9162303604FF0FF3038BDC26B86
:103FE00012B152F821304BB9284600F031F8224680
:103FF00001462846BDE8384000F018B8012B0AD029
:10400000591C03D1162303600120E7E7002142F881
:104010002410204698470020E0E70000024B0146AC
:104020001868FFF7D2BF00BFF402002438B5074D6F
:1040300000230446084611462B60FBF75DFA431C3B
:1040400002D12B6803B1236038BD00BF702A002461
:10405000FBF75ABA08B52DED028BB0EE408A00F09E
:104060004FFCF0EE408AB0EE480A00F09FF968B1CC
:10407000DFED127AB4EEE78AF1EE10FA0BDCDFED39
:10408000107AB4EEE78AF1EE10FA0FD4B0EE680AB7
:10409000BDEC028B08BDDFED0B8AFFF70BFCB0EE29
:1040A000680ABDEC028B2223036008BDFFF702FC07
:1040B0002223DFED058A0360E8E700BF1772B142F3
:1040C000B5F1CFC20000807F0000000008B52DEDE3
:1040D000028BF0EE408AB0EE608A00F005FDF4EE4F
:1040E000488AF1EE10FA06D6DFED098AB4EE688A46
:1040F000F1EE10FA02D0BDEC028B08BDFFF7DAFB3F
:1041000088EEA80ABDEC028B2123036008BD00BF26
:104110000000000008B52DED028BB0EE408A00F0E3
:10412000A5FDB4EE488AF1EE10FA0FD6B5EEC08ABE
:10413000F1EE10FA0ADCB5EE408AF1EE10FA08D181
:10414000FFF7B8FB22239FED090A0360BDEC028B49
:1041500008BDFFF7AFFBBDEC028B034621221A60BE
:104160000348BDE80840FFF7E7BB00BF000080FF41
:10417000F477010808B52DED048BB0EE608AB0EE3F
:10418000409A00F06DFEB4EE488AF1EE10FAF0EEBF
:10419000408A0BD6B5EE409AF1EE10FA17D1B5EE83
:1041A000408AF1EE10FA06D1F7EE008AB0EE680A06
:1041B000BDEC048B08BDB0EE480A00F0F7F800280B
:1041C000F4D0B5EEC08AF1EE10FAEFD525E000F09C
:1041D000EDF888B1F5EE408AF1EE10FAE6D1B0EED6
:1041E000490A00F0E3F80028E0D0B0EE480A00F0F9
:1041F000DDF80028DAD010E0B0EE490A00F0D6F879
:104200000028E7D0B0EE480A00F0D0F80028E1D04E
:10421000F4EE688AF1EE10FA04D6FFF74BFB222386
:104220000360C3E7FFF746FB21230360BEE700BF3F
:1042300010EE103A23F0004300EE103A704700BF32
:1042400010EE103A194923F000428A421BD9B2F10C
:10425000FF4F02D330EE400A704700B583B0684686
:1042600001F05AF900F0030001289DED000ADDED90
:10427000010A13D002280BD098B9012000F0F8FAF7
:1042800003B05DF804FBDFED0A0A002000F0F0BA8D
:10429000012000F0EDFAB1EE400AF1E700F066FA15
:1042A000EEE700F063FAB1EE400AE9E7D80F493FC4
:1042B0000000000030B52DED028B83B08DED010ABA
:1042C000019C24F00043B3F1FF4F10D3334B002C7B
:1042D00093ED007AD3ED007A39DBF0EE406A87EE99
:1042E000260A30EE270A03B0BDEC028B30BD2C4A03
:1042F00093420FD9294A2B4B92ED000AD3ED007A55
:1043000030EE670A002CB8BFB1EE400A03B0BDEC36
:10431000028B30BDB3F1105F23D3B3F17E5F2AD39C
:10432000214DFFF785FFD5ED007A20EE270A00F03A
:1043300047F81A4BD3ED007A95ED006A95ED007AB7
:1043400037EE007AC6EE076A37EEE60ADAE7DDED09
:10435000016A87EE260A30EE670A03B0BDEC028BD5
:1043600030BD0E4BDDED017A93ED000A30EE270AE9
:1043700020EE270AB7E70C4D95ED008AFFF758FFAE
:1043800028EE400A00F01CF895ED007A37EE007A2E
:10439000F1EE407A87EE870AB4E700BF00780108A3
:1043A000FFFFAF41F8770108FC77010810EE103AE3
:1043B00023F00040B0F1FF4F2CBF002001207047D8
:1043C00010EE100A8B4A20F00043934200F00040A8
:1043D0002BD9B3F1FF4F00F28F8000F0E48000286A
:1043E00040F08D80844A934200F201819FED837AF0
:1043F00020EE077AF6EE007A77EE877A9FED806AF4
:10440000DFED806AFDEEE77AB8EEE77A17EE903AD4
:10441000F0EE407AE7EE467A27EE267A37EEC70AC4
:1044200077EEC07A77EEC77A07E0774A934255D89D
:10443000B3F14C5FC0F091800023B6EE003A20EE5D
:10444000034ADFED726A9FED726ADFED724A9FEDFB
:10445000725A20EE047AF7EE003AA7EE266ADFEDF4
:104460006F6AE6EE074AB0EE086AE4EE876AF1EE9C
:10447000085AA6EE875AF0EE636AE5EE076AA4EEE4
:10448000666AE0EE465A36EEC66AC6EE256A66EE03
:10449000876A002B5CD076EEE76A5A1CD6EE807AEB
:1044A00077EEC77A78D0012B60D05A1C392A4FEAB0
:1044B000C35141D8162B7DDC4FF0807242FA03F3D2
:1044C000C3F17E5307EE103A77EEC07A77EE677A43
:1044D00017EE903ACB1800EE103A7047504A9342CC
:1044E0001DD8DFED477A002850D09FED4E7A70EE50
:1044F000277A4FF0FF3391E730EE000A7047DFED87
:104500004A7A70EE277AF5EEC07AF1EE10FA6BD4A3
:104510009FED3A7AFEEE007A20EE077A6CE79FED87
:10452000377AFEEE007AF6EE006A002820EE077A6F
:1045300008BFF0EE667A5FE777EEC07A73EEE77A4F
:1045400017EE903A194407EE901A37EEE30A7047D7
:1045500090EE267A30EE470A7047DFED347A70EE3F
:10456000277A77EEE77A30EE670A7047BDEE007A79
:10457000B4EEC70AF1EE10FA2DD530EE033AB8EEDC
:10458000000A77EEC37A27EE800A70479FED1D7A06
:1045900070EE677A012341E770EE677ABEEE000A9B
:1045A000A7EE830A7047FFEE007A002818BFB0EE2E
:1045B000670A7047C3F17F03DB0507EE103A77EE19
:1045C000877A30EE670A30EE230A10EE103A0B4479
:1045D00000EE103A704770EE677AB0EE007AE7EEC0
:1045E000873AB0EE630A7047BFEE000A704700F0EA
:1045F00043B800BF43B895411772B1423BAAB83FD8
:104600008071313FD1F717371872B13EBBED57B407
:10461000547E8636CD70A6B8898808BD010DD03A83
:104620009115853FD1F717B76042A20DCAF24971C3
:1046300010B52DED028BB0EE408A0446FFF73AF933
:10464000B0EE480ABDEC028B046010BD30B1F1EE53
:10465000407A27EE800A2220FFF7EABFF0EE407A88
:1046600027EE800A2220FFF7E3BF00BF9FED010A7B
:10467000FFF7ECBF000000109FED010AFFF7E6BF57
:1046800000000070B1EEC00A704700BF10EE102AA3
:10469000C2F3C7537F3B162B22F000411BDC002BDB
:1046A00010461EDB1A4919410A4223D0DFED197A60
:1046B00070EE277AF5EEC07AF1EE10FA1ADD002AD4
:1046C00004DA4FF4000242FA03F3184420EA01032B
:1046D00000EE103A7047B1F1FF4F0BD330EE000AF5
:1046E0007047DFED0C7A70EE277AF5EEC07AF1EEC6
:1046F00010FA00DC7047002A02DB9FED070A7047C2
:1047000011B99FED060A7047BFEE000AF2E700BF3D
:10471000FFFF7F00CAF24971000000000000008026
:1047200010EE103AC3F3C7527F3A162A19460EDC30
:10473000002A11DB0C481041034205D04FF48003DE
:1047400013410B4423EA000300EE103A7047802A1D
:10475000FAD130EE000A7047013203F00043F3D182
:1047600043F07E53F0E700BFFFFF7F0010EE103AEA
:1047700023F00043B3F1485F2CD2FDEEC07A17EE70
:10478000903A002B60D060EE007A9FED317A9FED79
:10479000315ADFED315A9FED316ADFED316AA7EE14
:1047A000875A9FED307AE7EE855AA7EEA56AA7EE05
:1047B000867AE7EE876A67EEA66A60EEC00AB6EE12
:1047C000007AE7EEA60AB7EE000AD7EE870A30EEC7
:1047D000600A704760EE007A9FED1D7A9FED1D5ACA
:1047E000DFED1D5A9FED1D6ADFED1D6A1E4AA7EE23
:1047F000875A93429FED1B7AE5EE275AA5EEA76AEA
:10480000A6EE277AE7EE276A66EEA76AD5D9174A99
:10481000934214D803F17F4307EE103AB7EE006AD3
:1048200036EE476A60EEC00AF6EE005A97EEA57AB9
:10483000E7EEA60A37EE607A36EE470A7047B6EE24
:10484000076AB5EE027AEDE7B7EE000A704700BFDF
:104850004ED747ADF6740F317CF293B4010DD037CB
:10486000ABAA2A3D610BB6BA9999993E0000483F20
:1048700010EE103A23F00043B3F1485F04D2FDEE8E
:10488000C07A17EE903A5BB360EE007A9FED157A2E
:10489000DFED155A9FED156ADFED156AE7EE875AD1
:1048A0009FED147AA5EEA76A20EE275AE6EE276A56
:1048B000A6EEA77A30B9DFED106AE7EE876AA6EEBA
:1048C000850A704727EE457AF6EE006AA0EEA67AD2
:1048D000DFED0A6AD7EE270AE5EE260A30EE600A17
:1048E000704700BFD3C92E2F342FD7B21BEF3836F5
:1048F000010D50B98988083CABAA2ABEABAA2A3E52
:1049000010EE103A23F00042B2F1FF4F56D84FEAB2
:10491000D37100F095806248834200F38780002BBA
:10492000C0F287805F4B9A424BD95F4B9A4200F2AC
:104930009A805E4B5E4A03EB8103D3ED004A02EBA3
:10494000810281F0010370EE644AD2ED007A5B1AB5
:1049500034EEE70ADFED576A9FED575ADFED575AFD
:104960009FED576A20EE007AA7EE265ADFED556AD2
:10497000E5EE075AE5EE876AA6EE876AF0EE406A32
:10498000E6EE476A20EE266A002B42D0B0EE007AAF
:1049900037EE667AB7EE000AC6EE076A13F17D0FAE
:1049A00077EEE67A77EEE47A30EE670A4FDB10EEC8
:1049B000102A02EBC35300EE103A704730EE000AA3
:1049C0007047B2F1505F0AD2DFED3F7A70EE277A7E
:1049D000B7EE007AF4EEC77AF1EE10FA5DDC60EE25
:1049E000007A9FED347ADFED345A9FED346ADFEDC3
:1049F000356AE7EE875A9FED327AA7EEA56AE7EEB1
:104A0000866AA7EEA67AF0EE406AE7EEC76A20EE65
:104A1000266AF0EE007A76EEE76AB7EE007AC6EE26
:104A2000267A77EEC07A37EE670A70470020FFF7E4
:104A300023BE264B9A427FF675AF0020FFF716BEC5
:104A4000DFED237A002918BFB0EE670A704710EE39
:104A5000102A643302EBC353DFED1E7A00EE103AE6
:104A600020EE270A70471C4B9FED1C7ADFED1C6A75
:104A700003EB8103D3ED007AE0EE077A9FED197A1C
:104A8000FDEEE77AF0EE404A17EE903AF8EEE77A5C
:104A9000E7EEE64A67EE877A5AE730EE070A704794
:104AA0001772B1421872B13E9115853F0C7801081A
:104AB000047801084CBB31330EEADDB555B38A38B2
:104AC000ABAA2A3E610B36BBCAF24971B5F1CF429F
:104AD000000000000000800D147801083BAAB83FD8
:104AE0008071313FD1F7173770B582B0CDED010A33
:104AF000019820F000435A1EB2F1FF4F3BD210EE56
:104B0000101A21F00044B4F1FF4F34D29C4238DB3C
:104B100001F0004258D011F0FF4F00F0FF463ED1A7
:104B20004FEA042C6FF07D054FEA4C0CBCF1000FEE
:104B300005F1FF35F8DC002E66D118026FF07D0E0E
:104B400040000EF1FF3EFBD515F17E0F77DA6FF0D6
:104B50007D00411B04FA01F1A5EB0E05A0EB0E044C
:104B6000A340681EA5B9CB1A002B75DB2CD0B3F57A
:104B7000000F35DB41E0DDED017A60EE277A87EE4C
:104B8000A70A02B070BD1FD04FEA4C01013822D3F2
:104B9000A1EB030CBCF1000FF5DA4900F6E7E515CF
:104BA00086B3DB15C0F31600ED1AC1F31601A3F1AD
:104BB0007F0E41F4000140F40003681E002DE7D190
:104BC000CB1A002B30DB0BD1274B03EB527393ED49
:104BD000000A02B070BDCB1A48BF0B461BB9F3E701
:104BE0005B000EF1FF3EB3F5000FF9DB1EF17E0F07
:104BF0001BDA6FF07D04A4EB0E042341134300EE97
:104C0000103ABEE77F3D98E7DB15A3F17F0EC0F3B6
:104C100016006FF07D0140F40003491BA5EB0E0068
:104C200004FA01F10138B3E70B46A3F500030EF1D6
:104C30007F0E134343EACE5300EE103AA1E76FF024
:104C40007D04C1F31601A5EB0E00A4EB0E0441F4A4
:104C500000010138A3409BE70029B5D0B1F5000F52
:104C60000B46BDDBC9E700BF1C78010810EE102A17
:104C700032F000432FD0002A134633DBB2F1FF4F4E
:104C800040DAB2F5000F34DB4FF0000C6448C3F398
:104C90001601084400F4000282F07E520A43DB153C
:104CA00000EE102A7F3B5F4A634401F10F0CF7EEE0
:104CB000007A0CEA020230EE670A03EBD05322BB03
:104CC000B5EE400AF1EE10FA62D1002B40F0908070
:104CD0009FED550A70479FED557ADFED537A87EEC9
:104CE000270A704770EE407A9FED4F7A87EE870A69
:104CF0007047DFED4F7A60EE277A6FF0180C17EEF1
:104D0000903AC3E730EE000A7047F0EE007A70EE9A
:104D1000277A07EE103A80EE274A4648C1F5571227
:104D2000084402F522720243002A9FED433ADFED68
:104D3000434ADFED435ADFED433A9FED435ADFED3F
:104D4000437ADFED436A24EE046AF8EEC72A26EEC2
:104D5000067AE7EE034AA7EE235AE4EE875AE5EE19
:104D6000076AE5EE877A67EE867AE6EE877A2ADDCD
:104D7000B6EE007A20EE077A27EE007A77EE877A91
:104D800067EE847A3BBB37EE677A30EE470A7047AE
:104D90009FED307AF6EE007AE0EE477A20EE007A68
:104DA00027EE277A002BF0D007EE903A9FED2A6A83
:104DB000DFED2A6AF8EEE77AA7EEC67A37EE400A08
:104DC00097EEA60A704770EE677A67EE847AE3B9C9
:104DD00030EE670A70479FED206ADFED206AE2EE51
:104DE000867A37EE677A37EE400A92EEA60A704767
:104DF00007EE903A9FED180A9FED187AF8EEE77AE1
:104E000027EE800AA7EE870A7047DFED136A9FED51
:104E1000137AE2EEE67A37EEC00A92EE870A70471E
:104E200020FB4A00F0FF7F0000000000000000CCE3
:104E30000000004C305CCFFF9788173E25333A3E88
:104E40002549923E4FD01C3E298E633EABAA2A3F95
:104E5000CDCCCC3EABAAAA3ED1F717378071313FFB
:104E60002DE9F0432DED028B83B0CDED010A8DEDE0
:104E7000000ADDE9004535F0004610D184F48004D5
:104E8000640014F5000F18D9DDED007A9DED017A6C
:104E900037EE870A03B0BDEC028BBDE8F08324F047
:104EA0000047B7F1FF4F0FD9B4F17E5FECD185F425
:104EB00080056D0015F5000FE6D8B7EE000A03B0C7
:104EC000BDEC028BBDE8F083B6F1FF4FECD8002CAF
:104ED000B84616DBB6F1FF4F00F0F680B6F17E5F04
:104EE00000F01D81B5F1804F00F04C81B5F17C5F81
:104EF00040F0348103B0BDEC028BBDE8F043FFF716
:104F0000C1BBB6F1974F80F0E980B6F17E5F80F0CB
:104F10001581B5F1804F00F03581B5F17C5F00F06F
:104F20003482FFF785F9B7F1FF4F4FF0000900F029
:104F3000E080002F00F01C81B7F17E5F00F0188147
:104F4000E20F013A59EA020300F02181B6F19A4FCB
:104F500040F24481914B9F4240F25882904B9F42D5
:104F600000F26182F7EE007A30EE670A9FED8D6AFB
:104F70009FED8D7ADFED8D5AF5EE007AA0EE676A2F
:104F8000F6EE006AE6EE406A60EE007A9FED886A0F
:104F900067EEA67A27EE677AA0EE257AF0EE476AEA
:104FA000E0EE066A16EE903A6FF30B0306EE903AC7
:104FB000F0EE667AE0EE467A37EE677A6FF30B052D
:104FC00007EE905A9DED016ADDED015A36EE676AF3
:104FD00027EE257A66EEA77AA6EE267A09F1FF3942
:104FE00059EA0209BFEE008A77EE276AB7EE006A37
:104FF00016EE903A18BFB0EE468A002B23F000421E
:1050000040F3D381B2F1864F00F2528200F0368233
:10501000B2F17C5F00F21A82002210466FF30E0399
:1050200006EE103ADFED636ADFED633A9FED634A07
:105030009FED632ADFED634A9FED635ADFED635A0C
:1050400076EE677AB0EE003A37EE677A66EE267A49
:10505000DFED5F6AE7EE267AB7EE000AB0EE677A18
:10506000A6EE237A67EE076AF0EE472AE6EE632A99
:10507000B0EE446AA6EE826A77EEE27AE6EE264A5F
:10508000B0EE456AA4EEA66AE7EE277AE6EE265A67
:10509000B0EE476AA5EEE66A67EE065A36EE436A58
:1050A000C5EE866A76EEE77A77EEC77A30EE670A63
:1050B00010EE103A1344B3F5000FC0F2B18100EEC8
:1050C000103A20EE080AE5E6B7F17E5F3FF4F5AE50
:1050D0002DD9002D28DB9DED010ADBE6B6F1FF4F4F
:1050E000F2D0FFF7A5F8B7F1FF4F4FF002097FF4B8
:1050F00020AF002D06DAF7EE007A87EE800A002C4A
:10510000BFF6C8AEA7F17E5757EA090700F0258120
:10511000B9F1010F7FF4BEAEB1EE400ABAE6002D40
:1051200029DB9DED000AB5E69FED2A0AB2E6002DC7
:10513000FADADDED017AB1EE670AABE6F315C3F1F9
:10514000960346FA03F202FA03F3B34200F00A812F
:10515000B6F17E5FE3D0B5F1804F13D09DED000A2C
:10516000FFF766F8B7F1FF4F4FF000097FF4E1AEAB
:10517000002DC0DBC3E79DED007AF7EE007A87EEE5
:10518000870A87E6DDED007A27EEA70A82E6DDEDE5
:10519000007A77EEE77A87EEA70A7BE6F3FF7F3F98
:1051A0000700803FABAAAA3E3BAAB83F70A5EC36E9
:1051B00000AAB83F8CBEBF350072313F0EEADDB5A4
:1051C0004CBB313355B38A38610B36BBABAA2A3E90
:1051D0001872313F000000000000804B14F0FF4FB8
:1051E00040F012815FED047A60EE277A6FF01701CC
:1051F00017EE908AB6484FEAE853C8F316087F3B8B
:1052000080450B4448F07E5140F3F680B14880451C
:1052100040F31381DFEDB04A0133F0EE643AA1F5BB
:105220000001F7EE005A002006EE901A76EEA57AFD
:10523000B7EE007A87EE278A07EE903AA74BDFEDAC
:10524000A81A9FEDA80ADFEDA80A9FEDA81A9FED06
:10525000A85A9FEDA82A03EA610343F0005303F51F
:105260008003034436EEE56AB8EEE77A07EE903A3B
:1052700066EE082A77EEE55A12EE903A36EEE54AE7
:1052800062EEA26AF0EE605AA6EEA10A6FF30B037B
:10529000B0EE083AE0EE265ADFED971AA5EEA61A10
:1052A000F0EE455AE1EE265AB0EE435AA5EEA62A94
:1052B00066EEA65A06EE903AA6EEE76A72EEA67A77
:1052C000A6EEC46AA6EEA65A26EE086A9FED8B1AD1
:1052D0009FED8B4A67EE867AE5EE827A75EE275A65
:1052E00015EE903A6FF30B0305EE903A35EEC35A84
:1052F000A6EEE65A77EEC57A67EEA27AE6EE257A52
:10530000B0EE676AA6EEA56A16EE103A6FF30B03CD
:1053100006EE103AB0EE465AA6EEE55A77EEC57A9A
:1053200067EEA17AE6EE017A77EEA37AF0EE676A8D
:10533000E6EE046A76EEA46A76EE876A16EE903A96
:105340006FF30B0306EE903A36EEC77A37EE647AC7
:10535000A6EE447A37EEC77A30E670EE407A87EEF2
:10536000A70A97E5B6F17E5F3FF4D9AEB5F1804F5D
:105370003FF408AF02F00102C2F10209FEF758FF44
:10538000B7F1FF4F7FF4D5ADB3E6FEF751FFB7F1AC
:10539000FF4F3FF47FAD002F3FF47CADB7F17E5F50
:1053A0007FF4F5AE4FF00009ACE656498A4200F2B0
:1053B00087807FF42DAE76EEE76AF4EEC76AF1EEF1
:1053C00010FA7DDA03F500434F4AC3F3C7517F3922
:1053D000C3F316000A4140F40000C1F117011A405E
:1053E0000841404206EE902A77EEE67AC20577EE53
:1053F000276A16EE903A11E6DFED374AF7EE005ACB
:10540000F0EE643A00200FE70021F3E6002D0CDBFC
:10541000002003B0BDEC028BBDE8F043FFF726B9D6
:1054200000F0B0F94DE6002DF2DD002003B0BDEC38
:10543000028BBDE8F043FFF71FB9DFED344ADFED23
:10544000343AF7EE085A4FF40010EDE6D2157E3AE2
:105450004FF40001114119442B4AC1F3C7547F3C5A
:10546000C1F31600224140F40000C4F11704002BE0
:1054700040FA04F002EA0102B4DAB2E79FED256ACD
:1054800076EEE76A37EE066AB4EEE66AF1EE10FAF7
:105490000EDC03F500431C4AD9157F39C3F316000F
:1054A0000A4140F40000C1F117011A40084199E790
:1054B000B5EEC08AF1EE10FA4CBF01200020B5E72E
:1054C000B5EEC08AF1EE10FA4CBF01200020A0E733
:1054D00071C41C00D6B35D000000000000F0FFDFC7
:1054E00042F1533E55326C3E05A38B3EABAAAA3E19
:1054F000B76DDB3E9A99193F4F38763FC623F6B811
:105500000040763F00001643000080FF00C0153FBA
:10551000DCCFD1353CAA383370B510EE103A8B4A47
:1055200023F00044944286B0054671D9884A9442DB
:105530001E4624D823F00042002BDFED867A8649F0
:1055400022F00F02B0EE407A40F3E6808A4270EE1D
:10555000677A09BF9FED817ADFED816ADFED816AAD
:1055600077EEC77A37EEE67A77EEC77A80ED007A83
:1055700077EEE67AC0ED017A012006B070BD7A4A76
:10558000944253D9B4F1FF4F49D2E215863AA4EBC5
:10559000C25307EE903ABDEEE77ADFED746AB8EEDB
:1055A000C77A77EEC77A8DED037A67EEA67ABDEEFD
:1055B000E77AB8EEC77A77EEC77A8DED047A67EEB0
:1055C000A67AF5EE407AF1EE10FACDED057A40F0CC
:1055D0008E80B5EE407AF1EE10FA40F08A80012319
:1055E000634901910221009103A8294600F038F98E
:1055F000002EC2DA95ED007AD5ED017AB1EE477A48
:10560000F1EE677A85ED007AC5ED017A4042B4E7A4
:10561000002285ED000A4260002006B070BD70EEE9
:10562000407AC0ED017AC0ED007AF5E7FEF700FEA2
:105630009FED507A9FED476AF6EE007AE0EE077A2A
:105640009FED477AFDEEE77AF8EEE76A17EE900AEB
:10565000A6EEC60A1F2866EE877AB1EE666A30EEBD
:10566000677A1EDC444A411E26F0004352F821208E
:1056700023F0FF03934214D085ED007A30EE470A01
:10568000002E30EE670A85ED010ABFF676AFB1EE67
:10569000477AB1EE400A85ED007A85ED010A404275
:1056A0006BE717EE103AC3F3C753C3EBD453082B81
:1056B0004FEAE452E0DD9FED297A9FED2A5AF0EEA1
:1056C000405AE6EE075A70EE657AE6EE077AD6EEB5
:1056D000857A35EEE77A17EE103AC3F3C753D21A3C
:1056E000192A08DCB0EE650A85ED007AC6E70323C7
:1056F00076E7022374E79FED217A9FED215AB0EE01
:10570000650AA6EE070A75EEC07AE6EE077AD6EECF
:10571000857A30EE677AAFE78A4270EE277A09BF62
:105720009FED0E7ADFED0E6ADFED0E6A77EE877A77
:1057300037EEA67A77EEC77A80ED007A77EEA67A12
:10574000C0ED017A4FF0FF3017E700BFD80F493F97
:10575000E3CB1640800FC93FD00FC93F0044353717
:105760004344353708A3852E800F4943000080430A
:10577000A478010884F9223F2478010800A3852E2B
:1057800032318D2410EE103A33F000411A4625D004
:10579000B1F1FF4F1FD213F0FF4F20D1DFED297A77
:1057A000294A60EE277A904217EE903A31DB4CF2AC
:1057B000503CC3F3C75160451A46A1F1190114DDED
:1057C000002BDFED227A9FED210AB8BFDFED207AB2
:1057D00027EE800A704730EE000A704770474CF29F
:1057E000503C60454FEAD151EADC0144FE29E7DC38
:1057F000002915DC11F1160F19DB193122F0FF42D7
:1058000042EAC15207EE902A9FED120A27EE800A63
:105810007047DFED117A07EE103A27EE270A70473E
:1058200022F0FF4242EAC15300EE103A7047002BCB
:10583000DFED097A9FED080AB8BFDFED087A27EEA1
:10584000800A70470000004CB03CFFFFCAF249716B
:10585000CAF249F1000000336042A20D6042A28DFD
:105860002DE9F04F2DED048BDBB01C4694460393DD
:105870000A46BA4B68991CF1040F53F8217082460E
:1058800004F1FF39C0F25682BCF1030348BF0CF1AA
:105890000403DB10029301334FEAC30EACEB0E039B
:1058A0000593029B17EB0900A3EB090316D4013003
:1058B0009FEDAB7A699C18441EA9002BA4BF54F835
:1058C000235007EE905A03F10103ACBFF8EEE77ADC
:1058D000F0EE477A8342E1EC017AEED1002FC0F27C
:1058E000E28203991EA800EB81004FEA81087E182E
:1058F000002346AD4C460AEB8101B9F1000F80F25E
:10590000C8800134B44245F8043B00F10400F4D1EE
:105910000DF1280B0BEB8703CDE9062E043B9FED21
:10592000929ADFED908A059804930AEB080446AE3C
:105930000BEB87080097CDF820C00DEB8703002FF5
:1059400093ED460A4FEA870515DD73195A4660EE56
:10595000097AB0EE407AFDEEE77A73ED016AF8EE6F
:10596000E77AB342A7EEE87A37EEA60ABDEEC77A29
:10597000A2EC017AEBD10190FFF704FFF4EE007A7C
:10598000B0EE408A20EE270AFEF780FEF2EE007AA3
:10599000A0EE678A01980028FDEEC89AF8EEE97A31
:1059A00038EE678A40F38280791EC0F108035BF805
:1059B00021E04EFA03FC0CFA03F3AEEB030EC0F148
:1059C000070219EE903A4EFA02F26344002A09EEF9
:1059D000903A4BF821E000F3AF80B5EE408AF1EE4B
:1059E00010FA74D1009B9F420ADD5D44002355F8F4
:1059F000041D454543EA0103F9D1002B40F0028123
:105A0000009B013B5BF823207B1C9C46002A40F056
:105A1000F780049A012152F8045D0131002DFAD07B
:105A20003944029D039A05EB030E0EF1804E699DE9
:105A30000EF1FF3E3A4405EB8E0E1EAD06EB8307DA
:105A400005EB8205DEED017AF8EEE77AB9F1000F99
:105A50000EF1040EE5EC017ADFED417A09DB2A460E
:105A60005346F3EC016A32ED017AA342E6EE877AFF
:105A7000F7D10CF1010C8C45E7EC017AE2DD0F4621
:105A80005BE70134B442E5EC017A00F104003FF435
:105A90003FAFDFED337A83465346F3EC016A3BEDCB
:105AA000017A8B42E6EE877AF7D1EAE700F091803F
:105AB000F6EE007AB4EEE78AF1EE10FA80F2298170
:105AC000B5EE408AF1EE10FA4FF000028AD092460D
:105AD000DDE9062EDDF820C00197AEEB0C00B0EE3C
:105AE000480A009F0092FFF74DFEDFED1E6AB4EEFC
:105AF000E60AF1EE10FADDE90023F0EE407AC0F29A
:105B00009C819FED197A059920EE077A0831BDEE48
:105B1000C77A0591B8EEC77A5C1CE7EE667ABDEEEF
:105B2000C77AFDEEE77A17EE901A4BF8231017EEBE
:105B3000103A4BF824307EE00133002F09EE903A02
:105B400040F39D8159464FF0000E51F8043B002B65
:105B500039D0C3F5807341F8043C0CE0E87B0108C0
:105B600000000000000080430000803B0B68C3F190
:105B7000FF0341F8043B0EF1010E7745F6DC0123EB
:105B80009E4600280BDD012800F0BB80022806D1CC
:105B9000791E5BF8213003F03F0C4BF821C0022A3C
:105BA0007FF41BAFB7EE000A734630EE488A002B35
:105BB0003FF413AF09920190FFF7E4FD0198099AB1
:105BC00038EE408A09E70EF1010E7745BDDC9E46AE
:105BD000D7E77B1E5BF82320D211002A7FF7FDAEAA
:105BE00019EE903A002F03F1010309EE903AA9DC77
:105BF000022A7FF4F2AEF7EE007A37EEC88AECE6BE
:105C000019460EE73B469246DDE905125C1EA1F1FE
:105C100008005BF82410009F059061B903F18043F0
:105C2000013B0BEB8303014653F8040D013C08399B
:105C30000028F9D0059105980092B7EE000AFFF709
:105C4000A1FD002C009AB0EE407AC0F22281601CC7
:105C500046AD5FED3B6A81000BEB800305EB8000F6
:105C600073ED017AF8EEE77A5B4567EE877A27EE07
:105C7000267A60ED017AF3D10DF1C8080E1F2E448B
:105C8000C646A4460025002F7DDBDFF85C92DFEDE1
:105C9000957A3046002307E0F9EC016AB0EC017A0E
:105CA0009F42E6EE877A03DBAB4203F10103F3DDAB
:105CB0000CF1FF3CBCF1FF3FEEEC017A05F1010570
:105CC000A6F10406E1D1689B022B6ADC002B36DCCE
:105CD0000ED1DFED847A414431ED017A414577EE12
:105CE000877AF9D15346002B40F0C680C2ED007A86
:105CF00019EE903A03F007005BB0BDEC048BBDE8F1
:105D0000F08F791E5BF8213003F07F0C4BF821C037
:105D100045E719EE903A002F03F1010309EE903A9E
:105D2000C8BF02223FF70EAFF7EE007A37EEC88AFF
:105D3000022252E600234FF0080E0293AEE5DDED9D
:105D4000327A9FED687A414471ED016A414537EE40
:105D5000267AF9D15346002B40F0848077EEC77A3B
:105D600082ED007A64B133A90123B1EC017A0133E9
:105D70009C4277EE877AF8DA53460BB1F1EE677AF8
:105D8000C2ED017AB4E70CF1FF3C0023BCF1FF3F08
:105D90004EF8043B05F10105A6F104067FF473AF4C
:105DA00091E7689B032BA3D1002C00F08C8008EBBB
:105DB000840595ED007AA0002B46294671ED017A05
:105DC000F0EE476A37EE277A414577EEC77A81EDE4
:105DD000007A77EEA67AC1ED017AEFD1012C72D06C
:105DE00095ED007A08F1040173ED017AF0EE476A4F
:105DF00037EE277A994277EEC77A83ED007A77EE0D
:105E0000A67AC3ED017AEFD1031DDFED367A434464
:105E100008F1080833ED017A984577EE877AF9D1D1
:105E20005346DDED326A9DED337A73B9C2ED006AF7
:105E300082ED017AC2ED027A5AE7FDEEC07A1C4685
:105E400017EE901A4BF82310F5E6F1EE666AB1EE04
:105E5000477AF1EE677AC2ED006A82ED017AC2ED0F
:105E6000027A45E7F1EE476A77EEC77AC2ED006A3B
:105E7000002C7FF478AF81E7F1EE677A36E70128EE
:105E800015D002287FF4B4AE0EF03F034BF821305A
:105E9000AEE6689B022B12DC002B17DC7FF428AFE8
:105EA000DFED107A1EE7039B4FEA830830E50EF022
:105EB0007F03022A4BF821307FF48FAD9BE6689B6D
:105EC000032B7FF415AFDFED077AA9E75346DDED2D
:105ED000327A1BB14FF0004313604FE70023136089
:105EE0004EE700BF00000000BC7B010808B5FEF7CC
:105EF00065F80000F8B500BFF8BC08BC9E467047C6
:0C5F0000F8B500BFF8BC08BC9E46704716
:105F0C0022640108266401082A6401082E64010831
:105F1C003F640108266401082A6401082E64010804
:105F2C0032640108D5640108386401083C64010836
:105F3C00000001000100010001000100010001004E
:105F4C000100010001000100020002000200020039
:105F5C00020002000200030003000400040005001C
:105F6C000500060007000800080009000A000B00E5
:105F7C000C000D000F001000110012001400150091
:105F8C00170019001A001C001E002000220024001B
:105F9C00260028002B002D00300032003500380080
:105FAC003B003E004100440047004B004E005200B5
:105FBC00550059005D006100650069006E007200BB
:105FCC0077007B00800085008A008F0095009A0086
:105FDC009F00A500AB00B100B700BD00C300CA0014
:105FEC00D000D700DE00E500EC00F300FA0002015F
:105FFC000A011101190122012A0132013B0144015C
:10600C004C0155015F01680171017B0185018F0114
:10601C009901A301AE01B801C301CE01D901E5017B
:10602C00F001FC010802140220022C023902460283
:10603C00520260026D027A0288029602A402B20237
:10604C00C002CF02DE02ED02FC020B031B032B038A
:10605C003B034B035B036C037D038E039F03B00375
:10606C00C203D403E603F8030A041D0430044304FA
:10607C0056046A047E049204A604BA04CF04E40411
:10608C00F9040E0524053A05500566057C059305B3
:10609C00AA05C105D905F0050806200639065106E2
:1060AC006A0683069D06B606D006EA0605071F0794
:1060BC003A07550771078C07A807C407E107FD07C6
:1060CC001A083708550872089008AF08CD08EC0874
:1060DC000B092A094A096A098A09AA09CB09EC0998
:1060EC000D0A2E0A500A720A940AB70ADA0AFD0A35
:1060FC00210B440B680B8D0BB10BD60BFB0B210C3E
:10610C00470C6D0C930CBA0CE10C080D300D580DAE
:10611C00800DA80DD10DFA0D230E4D0E770EA10E8C
:10612C00CC0EF70E220F4E0F7A0FA60FD20FFF0FC9
:10613C00000001000100010001000100010001004C
:10614C000100010001000100020002000200020037
:10615C00020002000200030003000400040005001A
:10616C000500060007000800080009000A000B00E3
:10617C000C000D000F00100011001200140015008F
:10618C00170019001A001C001E0020002200240019
:10619C00260028002B002D0030003200350038007E
:1061AC003B003E004100440047004B004E005200B3
:1061BC00550059005D006100650069006E007200B9
:1061CC0077007B00800085008A008F0095009A0084
:1061DC009F00A500AB00B100B700BD00C300CA0012
:1061EC00D000D700DE00E500EC00F300FA0002015D
:1061FC000A011101190122012A0132013B0144015A
:10620C004C0155015F01680171017B0185018F0112
:10621C009901A301AE01B801C301CE01D901E50179
:10622C00F001FC010802140220022C023902460281
:10623C00520260026D027A0288029602A402B20235
:10624C00C002CF02DE02ED02FC020B031B032B0388
:10625C003B034B035B036C037D038E039F03B00373
:10626C00C203D403E603F8030A041D0430044304F8
:10627C0056046A047E049204A604BA04CF04E4040F
:10628C00F9040E0524053A05500566057C059305B1
:10629C00AA05C105D905F0050806200639065106E0
:1062AC006A0683069D06B606D006EA0605071F0792
:1062BC003A07550771078C07A807C407E107FD07C4
:1062CC001A083708550872089008AF08CD08EC0872
:1062DC000B092A094A096A098A09AA09CB09EC0996
:1062EC000D0A2E0A500A720A940AB70ADA0AFD0A33
:1062FC00210B440B680B8D0BB10BD60BFB0B210C3C
:10630C00470C6D0C930CBA0CE10C080D300D580DAC
:10631C00800DA80DD10DFA0D230E4D0E770EA10E8A
:10632C00CC0EF70E220F4E0F7A0FA60FD20FFF0FC7
:10633C00000301040205060700060C1003091316DE
:10634C0025642E253032640025642E25303264738A
:10635C000048494748004C4F57002564487A00785C
:10636C0025640025642E2530326456004350553A7E
:10637C002564252500446F6E65210050726573738A
:10638C00205365740043616C6962726174696E6755
:10639C002E2E2E0050617463682031562C207072A2
:1063AC00657373205365740053616D706C696E670F
:1063BC002031562E2E2E0050617463682035562CD9
:1063CC00207072657373205365740053616D706C2B
:1063DC00696E672035562E2E2E00257325640053CA
:1063EC00657474696E6773207570646174652C20B4
:1063FC00726573657474696E6720616C6C2073656B
:10640C007474696E67730053657474696E67732076
:10641C0073617665640053696E0054726900536150
:10642C00770053717200506974636800416D70009D
:10643C0050570053696E65004300432300440044E9
:10644C00230045004623004723004100412300421E
:10645C000043616C2031562F4F63740043616C20F4
:10646C00435620310043616C204356203200427267
:10647C00696768746E657373005361766520537435
:10648C00617465004C6F61642053746174650046DF
:10649C006163746F7279205265736574005761760D
:1064AC00657461626C650053756220416D6F756E29
:1064BC007400456E76656C6F706520416D6F756EFE
:1064CC00740046696C746572204375746F6666005F
:1064DC0046696C746572205265736F6E616E63658C
:1064EC00004472697665004C464F20526174650019
:1064FC00464D20416D6F756E7400446574756E6504
:10650C00003120562F4F637420496E707574004310
:10651C0056203120496E7075740043562032204944
:10652C006E707574004761746520496E70757400E7
:10653C0042617365204E6F746500456E76656C6FB5
:10654C0070652041747461636B00456E76656C6F89
:10655C00706520446563617900456E76656C6F707B
:10656C0065205375737461696E00456E76656C6F4A
:10657C0070652052656C65617365004C464F205305
:10658C0068617065004C464F2054617267657400F9
:10659C0046696C746572204D6F6465004469737450
:1065AC006F7274696F6E20547970650057617665EF
:1065BC007461626C652042616E6B004D6F64756C2A
:1065CC006174696F6E205461726765740043562064
:1065DC003120546172676574004356203220546137
:1065EC007267657400536F6674004861726400468C
:1065FC006F6C6400426974004D6F6F67204C5000E3
:10660C00535646204C500053564620485000535683
:10661C004620425000535646204E6F74636800016A
:10662C00070D11040A14170002080E12050B151899
:10663C000053544D6963726F656C656374726F6E51
:10664C006963730044414953595F534545442043A2
:10665C00444320696E204853204D6F6465004441CB
:10666C004953595F534545442043444320696E20A8
:10667C004653204D6F64650044414953595F53455F
:10668C0045442043444320436F6E66696700444190
:10669C004953595F534545442043444320496E7444
:1066AC00657266616365000D0A00232D302B200096
:1066BC00686C4C00656667454647003031323334B0
:1066CC003536373839414243444546003031323350
:1066DC003435363738396162636465660000000012
:1066EC000000000000000000B90300089703000838
:1066FC009103000895030008000000000000000052
:10670C00B9030008970300089103000895030008DB
:10671C0016010000005400400A040000160000009E
:10672C00001C00580A06000018000000005400402D
:10673C000A04000018010000001C00580A060000A2
:10674C0074000000005800400A040000FFFFFFFF27
:10675C000000000000000000170100000054004081
:10676C000A04000017000000001C00580A06000074
:10677C0019000000005400400A0400001901000038
:10678C00001C00580A0600001B00000000580040C6
:10679C000A040000FFFFFFFF0000000000000000E3
:1067AC0001000200040008001000200040008000DE
:1067BC0000010002000400080010002000400080CE
:1067CC00000002580004025800080258000C02583D
:1067DC00001002580014025800180258001C0258ED
:1067EC000020025800240258002802580000000023
:1067FC000000FA4500007A460000FA4600803B474C
:10680C000080BB47000100000203000000000000F4
:10681C0000000000F35800083559000891030008E7
:10682C00935A0008855600088D560008A756000894
:10683C008F2E0108B12E01085F000202040403042C
:10684C00050C0BFFFE08FE08FE016A032C047120E8
:10685C000500CC09210882C4C991F2082207336DC6
:10686C004BB202231087447CCAA81C3365548E9902
:10687C0032AA012410A53C6B1E2AA938E28849A52E
:10688C00A1230025158AC49DD44A655523554995E5
:10689C00544649E5A8725600261188C4AC862A23B2
:1068AC0095A186494B73A4A5002706316DCA002813
:1068BC000BA4B47A8C4ABA754601290AA4B44A4688
:1068CC00D974C91A2A09555C6B55AD66042B0B5546
:1068DC004C6B4671C88C22002C0742B4C9480A2D57
:1068EC0006135CCA002E0622C4C9082F0A84C47A77
:1068FC0099638E3903300E8544DB52238D34D24894
:10690C0023A905310984459B9ABE4600320C854467
:10691C00DB52236929F33802330E8544DB522349B9
:10692C008D461A492D00340B8544EB95549A6364BB
:10693C0039350D8544CB2BA391D14823A905360EAF
:10694C008544DB52238FA4461A492D00370A844410
:10695C00CBA1638E2E00380E8544DB5223A9A546AD
:10696C001A492D00390E8544DB52238DA4461E494D
:10697C002D003A0752C4C988233B0972B4C9882335
:10698C0029003C0956CC3B9236D6583D083554CBA1
:10699C00D070083E0A56CC8BC61A4B1B013F0A8599
:1069AC0044DBB2A5CCB4094012A93CFD465A66980A
:1069BC00E248FE5432939A1E11411289433CCAD4C8
:1069CC00C61B468DA21E2366A4E608420E8744CC45
:1069DC00694935A425951C430143108744ECAA470B
:1069EC00461B6AA8518DE24800440F88C4CCADA365
:1069FC00565A69A5954E6302450E86C4CB25938ADB
:106A0C0023AA28931C23460E86C4CB25934C2A8E8E
:106A1C00A8A21E11470E8744ECAA47461BCAA155D3
:106A2C00962B48128944CD482369A9E518514B2D62
:106A3C00B51A6904490984C4CA48D2D7084A0C86D5
:106A4C00C4EBC81A69E42BCA094B1189C4CC8876EB
:106A5C009619A90C8746525B230E4C0F86C4CBC8E3
:106A6C001A69A4914632C931024D158B44CEC82304
:106A7C00ED9954924925995492D18CD652234E11AA
:106A8C0088C48C5E3ACE38524C23C699D54E004FF2
:106A9C000E8744ECAEF4C8238FAC729E00500F8767
:106AAC0044CC694925D5901A6A3432005113983C6C
:106ABC00EC46396AA595562349A5D148192A0052A6
:106ACC000D88C4CC2D3DF3D0D235D200530D86C4E5
:106ADC00DB39F2D068E811D702540E86C4CB915C36
:106AEC0051238D34D22301551088C4CC484B471DFB
:106AFC0075D451479D4704561188C4CC484B479DCB
:106B0C0055462A2395A1C61A57158B44CE486A4977
:106B1C0019CDA8928A2AA9BC36D21A6909581088AC
:106B2C00C4CC484BC795D1C61BA599D51159118812
:106B3C00C4CC484B679591CA50638D351C115A0BC8
:106B4C0086C4CB91F57CEB31025B08A334CA50FEB2
:106B5C001A5C0C84C44ACE28679433CA015D08A31E
:106B6C0034CAF2D7105E0A65546B4679A65A075F91
:106B7C00061634CB01600623748A14610954C4CA06
:106B8C0056238D01620E86C48B461A69641D71C42E
:106B9C00B50063095544DB925BA605640E86C4FB05
:106BAC00461AA931E288232D0365095544DB52E3CB
:106BBC004623660C85C4EA52498EA8CD9100670D18
:106BCC0086343B8A5339F7D8632400680E86C48B0D
:106BDC00461A69641D71C41105690A84C49AD4707B
:106BEC00BA46006A09A3B49ABDBC46026B0E864431
:106BFC008B461A69648D38A2B2066C0884C4CAF438
:106C0C006B046D0D5AC48D92EA11E5887244036EC3
:106C1C000B56C48B52471C7144016F0C56C4DB4895
:106C2C0072C411D54800700D76B48B52471C718C10
:106C3C00A4D106710E77B4DB505249A5A6D250A34D
:106C4C0011720954C48A1A239A00730954C4DA9035
:106C5C00230E05740973445A52439902750B56C49A
:106C6C008B1C71C4919601760B56C4CBB2A2CA1A76
:106C7C004900770C5944CDF28A4A65A59109780AE6
:106C8C0056C4CBB2B24ED600790D76B4CBB2A2CAF2
:106C9C001AC9AD11007A085544CB25CD317B0AA415
:106CAC00B4AA9296966E017C068146CB217D0AA4ED
:106CBC00B48A96B6922E097E0726DCDB520B0000B6
:106CCC000004FFFF00005F0002020304030504053B
:106CDC000C00FE07FE08FF0139028503AC200500FD
:106CEC006A072107394367A80022079B56275901D9
:106CFC00230B3542AF1AAA4C69A80A240D4D3E3716
:106D0C00AF4AE59D54B5230025093D4247CEDC39F9
:106D1C0005260C3D422FA79872956454012705193E
:106D2C005767280ACB3E37C514EB9803290BCB3E8B
:106D3C0027C71CAB9822002A0A3D42B7AA765ECD23
:106D4C00082B0A2D4637A3386446112C071B3E4FDF
:106D5C008D042D060D4E67082E06924267042F0CEB
:106D6C003D421FE58C728D7246003009BC424F4586
:106D7C00CFA4003108BB422FC9AE01320A3D426F8D
:106D8C00E58C727B08330C3D42676894B3863A2DD0
:106D9C0000340C3D423FCB54A6A1334A00350C3D88
:106DAC0042E74623C38C745A00360C3D4257E68C9E
:106DBC0046CA3A2D00370D3D4267689433CA1965AF
:106DCC001401380B3D426F659D56D66901390C3D57
:106DDC00426F659D4646394A003A07AA4267C4117C
:106DEC003B09333ECF466A24003C07AB4637D505FA
:106DFC003D081D4A676838043E08AB4627572500F6
:106E0C003F0A3D426FE536CA7404400C3D426F6543
:106E1C0035525223C305410A3D426F653D46B603C8
:106E2C00420C3D4267C42AA659C5A100430C3D4201
:106E3C006F658D32CA28A705440D3D4267C42AA64A
:106E4C0098628A4301450C3D42E746198D945146A0
:106E5C0043460D3D42E746198D9451461901470CA6
:106E6C003D426F658D328A3B2D0048093D4227DB40
:106E7C0063643B4908BB4267C5AE014A0C3D42778F
:106E8C00679451466594004B0B3D4227CB54EA1452
:106E9C00AB1C4C0E3D4227A38C32CA28A38C860017
:106EAC004D093D4227AF95B43B4E0A3D4227EBA915
:106EBC0092DC3A4F093D426F65EFB400500D3D42F4
:106ECC0067A4AC87CA28A38C00510A3D426F655752
:106EDC00925105520B3D4267A4AC872AAB1C530B55
:106EEC003D426F650D37D46901540E3D4267C88C25
:106EFC0032CA28A38C220055083D4227FB4E0B5664
:106F0C000A3D4227BB5399720457093D42277B2502
:106F1C00D505580A3D4227EB5457B50E590C3D4246
:106F2C0027EB5467945146115A0A3D42676894BB4B
:106F3C00D1105B08CB3E67C43E075C0D3D4227C3B6
:106F4C008C32CC30A30C035D08CB3E67F639025E65
:106F5C00071D5637A73A5F060D3A670860069B5621
:106F6C002717610A2D426FC334741A01620C3D421B
:106F7C0027A38C46CAF65000630A2D426F658D72AA
:106F8C005A00640B3D421F659486B6D308650A2DE2
:106F9C00426FE5A1325C00660B3D4257567967940F
:106FAC005106670B3D3A6F653B8D8CD202680B3DE9
:106FBC004227A38C46CAEE006908BB422F23D91A7C
:106FCC006A0ACC3A3F63DD9649016B0C3D4227A31C
:106FDC008CB24CB3CA016C07BB4247F61A6D0A2D32
:106FEC004247B5545249156E082D422799DA0E6F57
:106FFC00092D426F653B2D00700C3D3A67A46C0F58
:10700C0095514600710B3D3A6F683B8D8C320A727C
:10701C000B2D4227991A65941100730A2D426F6843
:10702C00B8E15000740C3D4237A33864461965280A
:10703C0075082D42273B950A76092D4227DBA98E30
:10704C000077092D42275B49750178092D4227A746
:10705C00BAAA03790A3D3A27DBA96E23007A082DD8
:10706C004267E8F6107B09CB3E37C52AC73A7C0647
:10707C00493FE7017D0ACB3E27C73AC52A027E0964
:10708C001D4A2FAA24130000000004FFFF0000007B
:10709C00DF6C00085F6D0008E36C00080001140A47
:1070AC006464323200127A00000428961008000042
:1070BC00800040001815A015C019FF1815A115C89F
:1070CC0019FF1815AE19FF1815AF19FF1815AE15C5
:1070DC00D5168015A8163F15D316001540158D161C
:1070EC00141520160015A115C815DA1612158116DF
:1070FC00CF15D916F115DB1640152E15A415A619AA
:10710C00FF0006101600061016000000000084CBCD
:10711C000000B8CF000052C701000000020030048C
:10712C00040060080800900C1000C0102000F0143F
:10713C00400020198000501D000180210002B02564
:10714C000004002A0008302E001060320020903617
:10715C000040C03A0080F03E00002143000052473E
:10716C000000844B0000B84F01000000020000003A
:10717C0004000000080000001000000020000000C7
:10718C004000000080000000000100000002000030
:10719C0000040000000800000010000000200000A7
:1071AC000040000000800000000000000000000112
:1071BC00010000000000000222000000000000049A
:1071CC002300000000000008FFFFFFFF000000008C
:1071DC000000000001020304010203040607080971
:1071EC000000000000000000731201089912010851
:1071FC008D120108B1130108D9120108E51201081A
:10720C00A5130108FD120108451301080000000038
:10721C004000000080000000400000000100000061
:10722C0040000000820000004000000083000000CD
:10723C0008000000FFFFFFFF00000000000000003E
:10724C000900000000000840000000000A000000D7
:10725C00000008401A0A00000B0000000000084063
:10726C00120A00000C00000000000840120A000086
:10727C00FFFFFFFF00000000000000000100000005
:10728C00004C0040120800000300000000440040C5
:10729C00120700001500000000500040120E000004
:1072AC0017010000000C0058120800001700000025
:1072BC00001001401207000018000000004C0040B4
:1072CC00120800001C00000000500040120E0000CC
:1072DC001F00000000100140120400002B000000F1
:1072EC00004C0040120800002B0100000048004038
:1072FC00120700003200000000500040120800008D
:10730C00FFFFFFFF00000000000000000000000075
:10731C00004C004012080000020000000044004035
:10732C00120700001400000000780040120B00004F
:10733C0016010000000C0058120800001600000096
:10734C0000500040120E0000160200000010014018
:10735C001207000019000000004C00401208000049
:10736C001E00000000100140120400002A00000062
:10737C00004C0040120800002A01000000480040A8
:10738C00120700002C000000005000401208000002
:10739C00FFFFFFFF000000000000000000000000E5
:1073AC00000000401281000000010000000C0040B1
:1073BC0012820000010000000000004012010100D8
:1073CC0001010000000C004012020100010200004B
:1073DC000040014012841000020000000000004038
:1073EC001281010002010000000C00401282010019
:1073FC000202000000400140128400000300000063
:10740C00000000401201020003010000000C0040CB
:10741C0012020200030200000040014012040100AD
:10742C000500000000000040128100000501000072
:10743C00000401401283100006000000000400400C
:10744C001282000006010000001C0040128900009E
:10745C00070000000000014012811000070100002D
:10746C000004004012020100070200000004014069
:10747C001283100007030000002000401289000056
:10748C0011000000000001401281110011010000E8
:10749C00000400401202020011020000000401402E
:1074AC00128311001400000000040040128200003E
:1074BC00150000000004004012020100160000003C
:1074CC000008004012820000160100000044014038
:1074DC001281100017000000000800401202010089
:1074EC001701000000480140128110001800000034
:1074FC000008004012820100180100000044014005
:10750C001281000019000000000800401202020065
:10751C001901000000480140128100001E0000000B
:10752C0000000140120111001E0100000004014086
:10753C00120311001E02000000180040128200000D
:10754C001F00000000000140128111001F0100000B
:10755C0000040140128311001F02000000180040BB
:10756C00120201002700000000040040120201007A
:10757C002701000000040140120301002800000054
:10758C0000040040128201002801000000040140A8
:10759C0012830100290000000004004012020200C6
:1075AC00290100000004014012030200FFFFFFFF4D
:1075BC000000000000000000040000000074004007
:1075CC00038000000500000000740040030001006F
:1075DC00FFFFFFFF000000000000000000000000A3
:1075EC0000200240030008000100000000200240BF
:1075FC000380080002000000002002400300070086
:10760C0002010000002102400300070003000000FB
:10761C00002002400380070003010000002102400B
:10762C000380070004000000002002400300090052
:10763C0004010000002102400300090005000000C5
:10764C0000200240038009000501000000210240D7
:10765C0003800900060000000020024003800100A6
:10766C000601000000210240038001000700000019
:10767C0000200240038003000701000000210240AB
:10768C000380030011000000002002400380020070
:10769C0011010000002102400380020020000000C4
:1076AC0000200240030005002001000000210240E0
:1076BC0003000500200200000060025803000500D2
:1076CC002100000000200240038005002101000081
:1076DC0000210240038005002102000000600258D6
:1076EC00038005002400000000200240030002007B
:1076FC00240100000021024003000200FFFFFFFFF5
:10770C0000000000000000000F000000100000004E
:10771C001100000012000000130000001400000013
:10772C0015000000160000001700000018000000F3
:10773C00190000001C0000001C0000002B000000C1
:10774C002A00000029000000280000003200000080
:10775C002C0000006A0000006B0000001400000008
:10776C0015000000180000001900000016000000B1
:10777C0017000000200000000300000011000000B2
:10778C00070000000600000021000000240000009B
:10779C0005000000040000000100000000000000D3
:1077AC003B00000069000000020000001E00000009
:1077BC001F00000027000000330000000000000044
:1077CC000000000067330108E53301084B33010862
:1077DC00AF35010821330108E135010831330108C7
:1077EC008F2E0108B12E0108000000006042A20D8E
:1077FC00000000400000803FD1F71737D1F717B7D2
:10780C008071313F807131BF0000003F000000BF2C
:10781C000000000000000080000FC93F000F49402D
:10782C0000CB9640000FC9400053FB4000CB1641E3
:10783C0000ED2F41000F49410031624100537B4163
:10784C00003A8A4100CB9641005CA34100EDAF4168
:10785C00007EBC41000FC94100A0D5410031E2417E
:10786C0000C2EE410053FB4100F20342003A0A42CF
:10787C000083104200CB164200141D42005C2342D0
:10788C0000A5294200ED2F4200363642007E3C42D4
:10789C0000C74242000F4942A2000000F90000005C
:1078AC00830000006E0000004E0000004400000049
:1078BC001500000029000000FC000000270000005B
:1078CC0057000000D1000000F5000000340000005B
:1078DC00DD000000C0000000DB00000062000000C2
:1078EC0095000000990000003C00000043000000DF
:1078FC009000000041000000FE000000510000005C
:10790C0063000000AB000000DE000000BB000000C4
:10791C00C500000061000000B7000000240000005A
:10792C006E0000003A000000420000004D00000014
:10793C00D2000000E000000006000000490000003A
:10794C002E000000EA00000009000000D100000039
:10795C00920000001C000000FE0000001D00000052
:10796C00EB0000001C000000B1000000290000002A
:10797C00A70000003E000000E800000082000000AC
:10798C0035000000F50000002E000000BB000000D8
:10799C004400000084000000E90000009C0000008E
:1079AC007000000026000000B40000005F00000022
:1079BC007E00000041000000390000009100000032
:1079CC00D6000000390000008300000053000000C6
:1079DC0039000000F40000009C000000840000004E
:1079EC005F0000008B000000BD000000F9000000EB
:1079FC00280000003B0000001F000000F800000001
:107A0C0097000000FF000000DE00000005000000F1
:107A1C00980000000F000000EF0000002F00000095
:107A2C00110000008B0000005A0000000A0000004A
:107A3C006D0000001F0000006D000000360000000B
:107A4C007E000000CF00000027000000CB000000EB
:107A5C0009000000B70000004F00000046000000C5
:107A6C003F000000660000009E0000005F00000068
:107A7C00EA0000002D000000750000002700000047
:107A8C00BA000000C7000000EB000000E500000099
:107A9C00F10000007B0000003D000000070000002A
:107AAC0039000000F70000008A00000052000000BE
:107ABC0092000000EA0000006B000000FB000000D8
:107ACC005F000000B10000001F0000008D000000EE
:107ADC005D000000080000005600000003000000DC
:107AEC003000000046000000FC0000007B0000009D
:107AFC006B000000AB000000F0000000CF000000A5
:107B0C00BC000000200000009A000000F4000000FF
:107B1C00360000001D000000A9000000E30000007A
:107B2C0091000000610000005E000000E600000013
:107B3C001B00000008000000650000009900000018
:107B4C00850000005F00000014000000A000000091
:107B5C0068000000400000008D000000FF000000E5
:107B6C00D8000000800000004D00000073000000F1
:107B7C002700000031000000060000000600000095
:107B8C001500000056000000CA0000007300000041
:107B9C00A8000000C900000060000000E200000026
:107BAC007B000000C00000008C0000006B00000097
:107BBC000000C93F0000F0390000DA370000A233A2
:107BCC000000842E0000502B0000C2270000D022A1
:107BDC000000C41F0000C61B000044170400000076
:087BEC00070000000900000081
:087BF400AC86FE7F01000000D9
:107BFC00E52E010875030008991D0008CD2000082A
:107C0C00E1280008FD3C0008A54C0008715600084E
:107C1C00255C00083D070108C9130108AD2C0108BB
:047C2C001136010804
:107C30005103000819210008355C000811080108EB
:107C40004464010846640108496401084B64010862
:107C50004E640108D666010850640108C566010833
:107C60005364010856640108586401085B64010804
:107C700000007A45FF0000000000803F0000803FC8
:107C80000000803FFFFFFFFF5D640108686401089A
:107C9000716401087A640108856401089064010830
:107CA0009B640108A9640108B3640108BE6401086B
:107CB000CE640108DC640108ED640108F364010886
:107CC000FC640108066501080D6501081B650108D3
:107CD00026650108316501083C6501084665010813
:107CE0005665010865650108766501088765010824
:107CF000916501089C650108A8650108B86501083F
:107D0000C7650108D9650108E5650108F165010845
:107D1000F6650108FB6501080066010804660108B4
:107D20000C660108136601081A660108216601083D
:107D300032640108D564010838640108A9640108A7
:107D40000101000010000000782A00240000025801
:107D50000004025800080258000C02580010025893
:107D60000014025800180258001C02580020025843
:107D70000024025800280258FFFFFFFF004C025861
:107D800000000000000000000000000000000000F3
:107D900000000000000000000000000001000000E2
:107DA0000090D0030090D0031A03000000000000F0
:107DB00000000000000000000000000000000000C3
:107DC0000000000004030904120100020202004046
:107DD000830440570002010203010000C91F01088B
:107DE000D51F01085120010869200108152001084C
:107DF0008D200108A5200108E11F010809074300A3
:107E0000020104C03209040000010202000005243E
:107E100000100105240100010424020205240600CB
:107E2000010705830308001009040100020A00008D
:107E30000007050102400000070582024000000023
:107E400009024300020100C03209040000010202DD
:107E50000000052400100105240100010424020291
:107E6000052406000107058303080010090401002A
:107E7000020A000000070501024000000705820217
:107E80004000000009024300020100C03209040062
:107E90000001020200000524001001052401000178
:107EA00004240202052406000107058303080010CC
:107EB00009040100020A0000000705010200020097
:107EC0000705820200020000E9270108992701083E
:107ED000A926010800000000F12401084526010838
:107EE0000D26010800000000000000000000000056
:107EF000C52501087D25010835250108292501082A
:107F00000A060002000000400100000000C201005B
:107F100000000800F92901087129010875290108E4
:107F2000552B0108FD2A0108010100000A0000008C
:107F30000A000000F8020024000000003829002494
:107F4000A0290024082A00240000000000000000EE
:107F50000000000000000000000000000000000021
:107F60000000000000000000000000000000000011
:107F70000000000000000000000000000000000001
:047F800000000000FD
:040000050801306955
:00000001FF
